1027017	0x97bd45bda8aaefe2b5261990a1e2c1236914e5e8d185461b48792533af687aa5	0xabeb7d15cb5425233fb8363b8ed5735164314894	0xd1ea2964214e0345a86da92ecbc7e917ffcd7e37
1027074	0x5db6aa45a87b4cd37916a3628f3a88cd66da5863747ce63e0b3ba13a0bf2efdc	0x0077eac1847accf3dcc48a9002fcc96866844a41	null
1027074	0x78d50e4d2aae2d48f135de4e1a93740dec6fbb6e4e41894db93627ef88ce8d79	0x0077eac1847accf3dcc48a9002fcc96866844a41	null
1027096	0xc6c15b1ebc176776d8fc6da608dbe792300476d1d2aca865a12963b296cad23a	0x0077eac1847accf3dcc48a9002fcc96866844a41	null
1027101	0xb761d2e601253bc283647eaafa611d6c43a7156206faeea95886415727c5383f	0x0077eac1847accf3dcc48a9002fcc96866844a41	null
1027101	0xa3331235be89e19c1d8e17080d990d0c476fb038dc590e98ae64824309089a5c	0x0077eac1847accf3dcc48a9002fcc96866844a41	null
1027111	0xeb4f2c95569e0f1a6ce2c72295efd7c6c2741fc1f06e4836e5e32ac13185118b	0xaff9cb4dcb19d13b84761c040c91d21dc6c991ec	0x4382ef4d06f089ced6ed376be3a501c8c7cea30a
1027113	0xd109a438dec853220cfd88c61313a2c652fbbeb057e0ab365c199c03b591093e	0xaff9cb4dcb19d13b84761c040c91d21dc6c991ec	0x4382ef4d06f089ced6ed376be3a501c8c7cea30a
1027114	0xefaee0f420d862738ee9aa9e552c448fa4edfbd9e0ab3a98a227142366a6919b	0xaff9cb4dcb19d13b84761c040c91d21dc6c991ec	0x4382ef4d06f089ced6ed376be3a501c8c7cea30a
1027115	0xb5b4590141b75e17e8dc7d6789188cbf55843058b8f737e083263604f20bc4e1	0xaff9cb4dcb19d13b84761c040c91d21dc6c991ec	0x4382ef4d06f089ced6ed376be3a501c8c7cea30a
1027116	0x8800a3df28798661314e4ec8518c4db187ab3ac9aab4d573287efc0c33a911be	0xaff9cb4dcb19d13b84761c040c91d21dc6c991ec	0x4382ef4d06f089ced6ed376be3a501c8c7cea30a
1027117	0xf13eba87ae0f269ab3ea806a6384847a61db4b60085c71bd0744d354328fcdd5	0xaff9cb4dcb19d13b84761c040c91d21dc6c991ec	0x4382ef4d06f089ced6ed376be3a501c8c7cea30a
1027118	0x4e65bfdfb0fd3c9365a11baff44283f7d3570c659fbe28ee6ede1c33197a4e0d	0xaff9cb4dcb19d13b84761c040c91d21dc6c991ec	0x4382ef4d06f089ced6ed376be3a501c8c7cea30a
1027143	0x2c623dac1677ab943f32b265a0ef0c25f4513f4cadf12867d3bc04de3f8e9ccc	0xaff9cb4dcb19d13b84761c040c91d21dc6c991ec	0xb5283caadc58fc34eab71fcfbb5fdcf29e2b89a7
1027146	0x8ab061bc8016ca27208c56e6b7f84985292ba302cad2fa5446679c87640e7f85	0xaff9cb4dcb19d13b84761c040c91d21dc6c991ec	0xff526357314ada4fa3679524e1deaeb155950eaa
1027153	0x8856563b6cd4540c0ee3cdbb9b763ab9a5756258c869bdb3cfe7253d0781d8be	0xaff9cb4dcb19d13b84761c040c91d21dc6c991ec	0x4382ef4d06f089ced6ed376be3a501c8c7cea30a
1027180	0x80fe414fbee0400d7be601b94612ff2594e524468a34e29443d82feb7eae2b71	0xabeb7d15cb5425233fb8363b8ed5735164314894	0xd1ea2964214e0345a86da92ecbc7e917ffcd7e37
1027214	0x8dd8abc5ede3f3b581021aebc8a19e2f7b37e09632d893e0d73af9764d70d5bb	0x0077eac1847accf3dcc48a9002fcc96866844a41	null
1027223	0x8da9adbcdfda41b78d06e7650ba8db1ac32a4805c411d289fbb0246a74b24ca9	0xaff9cb4dcb19d13b84761c040c91d21dc6c991ec	0x4382ef4d06f089ced6ed376be3a501c8c7cea30a
1027259	0x2dd362391d746a672448e7c1e5d5a82667cf5aa9ac10aeeae9bb0207e532adc1	0xa033b6e0a28346e789868a2f381ce00e657048a2	0x4705e331214f54ee19677a920beb64e5206fd610
1027297	0x48092f7eba77ee19f2ba745f1537a8d06b1b8a49c350d9e9e158dee73cbeec35	0xabeb7d15cb5425233fb8363b8ed5735164314894	0xd1ea2964214e0345a86da92ecbc7e917ffcd7e37
1027305	0xe96605a4bbe64c2eef45792283a7e4231fc996a6495f54509dd1648352fca357	0xabeb7d15cb5425233fb8363b8ed5735164314894	0xd1ea2964214e0345a86da92ecbc7e917ffcd7e37
1027450	0x07243acc35096e9cfb39116635b198c0cffcb24172a72bd0e6a3e206467b65d4	0xabeb7d15cb5425233fb8363b8ed5735164314894	0xd1ea2964214e0345a86da92ecbc7e917ffcd7e37
1027461	0x330dde022c29c2ca41122f0c79c589f262b2d1d0211ecef9f342d26b144ad742	0xeb9c7cdf417f282fe8123179bcf8e1a03c9e5874	0x306e6267d94f23a9b37cb110f20852208fbbf1aa
1027471	0x2fdb8f3d973339aa968adebc92fba38d5c9b80f7c4026b1bfcae29bdb31ff54d	0x9c929c81be13f644fc53ed2cbe4cb0d3809781a8	0x306e6267d94f23a9b37cb110f20852208fbbf1aa
1027473	0x0e00d39425a19a899e5c8f080a3c0503b1e953462e6a86348b144c4b0925bcfd	0xabeb7d15cb5425233fb8363b8ed5735164314894	0xd1ea2964214e0345a86da92ecbc7e917ffcd7e37
1027623	0x9ce048d31d0ee3b4c8eba3d398d54eeb9fec7267a90d056dbc1643fd2974f078	0xabeb7d15cb5425233fb8363b8ed5735164314894	0xd1ea2964214e0345a86da92ecbc7e917ffcd7e37
1027685	0x4bb82486863e3ab7e84085d496a6280c82ec8ee7846a12b1756498ed2a401712	0xcd2a3d9f938e13cd947ec05abc7fe734df8dd826	0x82824143b06113c4732d60d8966f78d6aa2ad592
1027766	0x4e05ac8ddfc21a3a2019dfa971f8b3603f0ca733ddabbe80d49577fd6e658120	0xcd2a3d9f938e13cd947ec05abc7fe734df8dd826	0xf6f6be20a8255748e71d5fe7b0ce6fab088a0574
1027865	0xf2d02a8aa53e874fb1554ae18c3d02dde0b0bffe0cf54c27c62af7bf3c3730a1	0x23f6a1067425c7daa1d908c77d4b92863bcef07a	0xbc14308800bf96b0e0ab4ecd52044f50ce5ce5ce
1027872	0x6be46c9afa8d41b8cd8beb8555684e670fa9629341baf49155fcf77428890b2d	0x877ac61721c80be2a5a70713d5d7664f59cceae1	0x1f2958fc9cf51cdc453c1fd3d755c16148383894
1027876	0x1d215ec3f1dbee46a87c4930641a6032ada7ab79962c5de159868e83de999fe0	0xbc71940e1caf2854eaf1a6967ab9657f6ca34a8a	0xf3e65435ede3cc61320a78dc1312a28d5a7d46a0
1027882	0xb840ef45267d3d9d0140f48a29bcae215ef382305a5f31ccec245c80b3fd62de	0xbf5ab66969f6dc9a4999260bed086e84eee19f77	0x2b2004635af63caaaf18355a93100e243cb290c6
1027925	0xcf620d91f61d9ff03f95b4c7d4828664bd2c643301fe5d8262f266d50e65b3f2	0x8049516d4933ba477b906edd35f5272ae3bf8e6d	0x704df22f2b7ffb00789ca10be647f9f0421990b5
1027929	0xe5c439ad77ed8ed5f6f5a3189037c8271d428a07e44bb5d973d930887db0e4b6	0xb8def801d7135f08bf8fa7d1d07fea5d1cbe2968	0x704df22f2b7ffb00789ca10be647f9f0421990b5
1027988	0x9d5940b9b888363ecaf596636c4e0449dab1ad5230b3a612765115830188f091	0x00fc572550f3bdfe84f72e3eaa99d02a43f69733	0x0617194e49baad419b57fb8ebba265e417362835
1027998	0x7eb3069086bcffe48e01925019e54073cf469b4a0b36b62153324f08652dbe43	0x9eef8ba39e7dd01235126001730e341617bd6dfb	0x0617194e49baad419b57fb8ebba265e417362835
1027998	0x7820e7491a951c7d7f0068e22d774360dd0bb4683da65f8c43556379053a43c5	0x970f4f9eb29e8831514a3ff9b8eb2bb860d4731c	0x0617194e49baad419b57fb8ebba265e417362835
1027998	0x59cba375ffa6dc7a5e31ab1d743c9fe168f3e8160a7ca008f94b593a799d2bd5	0x8464ba8c33260c70c9ab03487bee8a0dda35d383	0x0617194e49baad419b57fb8ebba265e417362835
1028000	0xc6dd3015af035ea59dec225687faaa90bbbc481655ef952e56667e38feca1dde	0x54daeb3e8a6bbc797e4ad2b0339f134b186e4637	0x0617194e49baad419b57fb8ebba265e417362835
1028001	0xf2f9833e3b3aaba9dca3f44e1e362f2877da8a9ce082dadc9c4aa7860c862c79	0x1a3e80d8ca422e28efa4afe79d497d319331a6d2	0x0617194e49baad419b57fb8ebba265e417362835
1028004	0xefd14f4042efcdc3a9aca872984fd7e17752951341335b8f67891bad968ad2e8	0x2aa99a840ac96edea1ba16d8cd509dcb735c2f14	0x0617194e49baad419b57fb8ebba265e417362835
1028008	0x643a00cd1b3447352201a2e155876db27be1958bdca0be5a9af75f0efe13bdef	0x2ee34068944ffbc49b25e553fc2710177487ca01	0x0617194e49baad419b57fb8ebba265e417362835
1028011	0xe673274e62ffeea544718804c24b21706dd34132960fbb68335303fe8c8ba573	0x94a206f1bde4b630e5236e194d90faf26eecfb09	0x0617194e49baad419b57fb8ebba265e417362835
1028016	0xdca7cb17f262cb09a0c4d58909ec4023bfc1135125c8be4b3af44c11d601af7e	0xabeb7d15cb5425233fb8363b8ed5735164314894	0xd1ea2964214e0345a86da92ecbc7e917ffcd7e37
1028040	0x14a16e381ac8a814f2823b7dca52b2bd3fb47e089eaa2257929fe312756fa5a9	0xabeb7d15cb5425233fb8363b8ed5735164314894	0xd1ea2964214e0345a86da92ecbc7e917ffcd7e37
1028087	0x1c9a5d06e7947422fec04f2777e05ce359c5f7f6ed44b1c9d8d87aacfc488ddb	0x082d4cdf07f386ffa9258f52a5c49db4ac321ec6	0x82effbaaaf28614e55b2ba440fb198e0e5789b0f
1028098	0xda24745d3bda130ee6ea4314033ba2fbb955a7ee0c24bdf0b23e8651f9635b47	0xaff9cb4dcb19d13b84761c040c91d21dc6c991ec	0xe68e5920c263d7ae396ba216ec11eaeeb8d64954
1028198	0x19a7db38653aecddc9c36f928f13984a470a1d46dfcd1b6fa869f8c84c2bbedb	0xabeb7d15cb5425233fb8363b8ed5735164314894	0xd1ea2964214e0345a86da92ecbc7e917ffcd7e37
1028209	0xec053a08b9e57cb15b75dbede57906da6f4ab15bcc3c1549d2aa4a065a270530	0xabeb7d15cb5425233fb8363b8ed5735164314894	0xd1ea2964214e0345a86da92ecbc7e917ffcd7e37
1028235	0xcc22568300ede17fde743a3022dfc856c5cad4052056912b6e19b3b8c251d284	0x1cdc8315bdb1362de8b7b2fa9ee75dc873037179	0x955f150b6fa6260d001ab08b7c20b5d924f43fd2
1028236	0xe80db10c1c60c05c6e17e1d273cd789bdd443330a222a3bd599be7027f71def4	0xaff9cb4dcb19d13b84761c040c91d21dc6c991ec	0x4382ef4d06f089ced6ed376be3a501c8c7cea30a
1028242	0xac198618e26dd79c09dc5fd406c3001dea05baee188df46eafab42e3570c5bea	0xcb5055f0557a82ee9d997ffd465b7b190b636cdd	0x48040276e9c17ddbe5c8d2976245dcd0235efa43
1028256	0x8f86a4f358819df16639d87aa3129ef1dbbd19ad5e826b64e3de42a85973ac7a	0xaff9cb4dcb19d13b84761c040c91d21dc6c991ec	0x4382ef4d06f089ced6ed376be3a501c8c7cea30a
1028258	0xd4fd66e92632a92ceec40cb8e402c258aa656b844aa2e23e739a7d5254b2adec	0xaff9cb4dcb19d13b84761c040c91d21dc6c991ec	0x4382ef4d06f089ced6ed376be3a501c8c7cea30a
1028267	0x5c3e1e5a1af9022b0e3719edfd59e3019934c244dafc01647682b3032dc432a3	0xaff9cb4dcb19d13b84761c040c91d21dc6c991ec	0x4382ef4d06f089ced6ed376be3a501c8c7cea30a
1028268	0x7c24368e7b912315ac1abadc316a1a699ad2d559751325e214671735164a0db1	0xaff9cb4dcb19d13b84761c040c91d21dc6c991ec	0x4382ef4d06f089ced6ed376be3a501c8c7cea30a
1028269	0x0f4d9059fd724b5e4acb180c99e127bafe6b57334c972b400f137271582ff6bc	0xaff9cb4dcb19d13b84761c040c91d21dc6c991ec	0x4382ef4d06f089ced6ed376be3a501c8c7cea30a
1028270	0xcf0c8bbbe792b3e242f2392d9801a4105d6fd63b50f4b9428d9ee4e104eaf212	0xaff9cb4dcb19d13b84761c040c91d21dc6c991ec	0x4382ef4d06f089ced6ed376be3a501c8c7cea30a
1028271	0xcc071d80fb47ed2859b001f49ac02745b82a773388e0470f38883f5349f057c6	0x54f0f931bce7a76457a93211213ac63f72028df3	0x0cc09efbcf4ef2c1b0d789c1087e2a9bcf8099d3
1028272	0x02e9a88ba8346da130219c1aa768232ef36f221d79f5ba2cf2fa753221770d3b	0xaff9cb4dcb19d13b84761c040c91d21dc6c991ec	0x4382ef4d06f089ced6ed376be3a501c8c7cea30a
1028273	0xbe037097f19233baa5082e88aedd480a73a2d016c728228fc1f740d48becf883	0xaff9cb4dcb19d13b84761c040c91d21dc6c991ec	0x4382ef4d06f089ced6ed376be3a501c8c7cea30a
1028274	0x9c970d993627a6a7a0f8631bafc56079e143607527b121a667ee435635ae82ff	0xaff9cb4dcb19d13b84761c040c91d21dc6c991ec	0x4382ef4d06f089ced6ed376be3a501c8c7cea30a
1028275	0xfb4baf6b4b19463e8e16057fc6331d2fd4fec88290222a2426beb50f69dc8c4c	0xaff9cb4dcb19d13b84761c040c91d21dc6c991ec	0x4382ef4d06f089ced6ed376be3a501c8c7cea30a
1028277	0x2e5fc7a50c2b4261184612149d5df5e07d1cfe236c9bcde2ea118185f837dd95	0xaff9cb4dcb19d13b84761c040c91d21dc6c991ec	0xe68e5920c263d7ae396ba216ec11eaeeb8d64954
1028278	0x83e0a4f2b59b3aa73a18e1b7349c546ed6c0b640e9a9089b863d0cc101d06ca5	0xaff9cb4dcb19d13b84761c040c91d21dc6c991ec	0xe68e5920c263d7ae396ba216ec11eaeeb8d64954
1028284	0x5830f16b3c3fddef22d5eae6aa01d8eeaed08f47a53a3c2d703973b270466960	0xaff9cb4dcb19d13b84761c040c91d21dc6c991ec	0x4382ef4d06f089ced6ed376be3a501c8c7cea30a
1028294	0xcdb50ca3a3adcf22fb4a9959ac4fc6d058582d0c22de6847ab6d9884d763470f	0x63524e3fe4791aefce1e932bbfb3fdf375bfad89	0xc6d9d2cd449a754c494264e1809c50e34d64562b
1028294	0x4f411cbc2f0fa918c5e4610141d9f6c6e811f2a60396660a712850c53dd1e28c	0xefa38028f9f7c5274e3a7e154f858c297e03a3e8	0xefa38028f9f7c5274e3a7e154f858c297e03a3e8
1028296	0xbf13e0f1bec3b7c9b22a4004ffac5cd91e894bbf8d2d42c7ffd48de6f008b4fa	0xd95e199a7a99e0f25bfe9db41fb565f51c34a3fc	0x09c5ba982a852b318fd5f8256832ef6cbfff6aa4
1028296	0x14550b848832c1fdc4541d767c77909fb1a7cf5e63bea2de79513ef1b00d5f82	0xe27789f0e90230dd2e411d5b34b3f818b38558ee	0xfc97c2c87e3cc03beb5fa2facaa10bbd0d0da1af
1028296	0xcd6ec1315c28c3a01778571ae9a27c5e4474e288419bcd6290f5c9f76e5128e2	0xf527a44f4e1e5792f747c5a40d7f61ca118b7c2c	0xeed700c57d04f8bd850c4fa2d7338ba89b0bb8c0
1028296	0x5e0dbdb369d4e441e64d652fd56b4132b4d7143a80f8cfb64f983b7f94b7e632	0xd95e199a7a99e0f25bfe9db41fb565f51c34a3fc	0x09c5ba982a852b318fd5f8256832ef6cbfff6aa4
1028296	0xe9fcabe5325abffb277860025f9edcb73c851396b27e21182bb0b23652dd3cc6	0x4b4e678d453bc71874af183017aee41b75e24087	0x76f84927a612dc4d9e690afc6275f2ef1d78a4b0
1028297	0xe8b8215f5aae978d47f6352998e9d7ef56d237450eb177f8534b965114de374d	0xe27789f0e90230dd2e411d5b34b3f818b38558ee	0xfc97c2c87e3cc03beb5fa2facaa10bbd0d0da1af
1028301	0x3054e008fa53b0e479651d9ed7c12f4ea2c00504b5bd155431e9654da1ae6a54	0x72148277da36a7b8aabaff877e1f7aaa658aba68	0x70137010922f2fc2964b3792907f79fbb75febe8
1028301	0xa9625ff6a79457110df2e83bc1689d19c6acff76e6ab387efcc7b934834d4d0d	0x72148277da36a7b8aabaff877e1f7aaa658aba68	0x70137010922f2fc2964b3792907f79fbb75febe8
1028301	0x8e225f0f03b7e98ed52323c56bceb5d1acd83d23ff7d883310b6cf5ed7e579f6	0xe27789f0e90230dd2e411d5b34b3f818b38558ee	0xfc97c2c87e3cc03beb5fa2facaa10bbd0d0da1af
1028301	0x1e197ca5c953dc0a71be869ebecf38e817c7f15ecaa3d6c371fa55ff442f1e37	0xe27789f0e90230dd2e411d5b34b3f818b38558ee	0xfc97c2c87e3cc03beb5fa2facaa10bbd0d0da1af
1028301	0xc739364ea1867cb8511676f396bf14be14deddcca33cea0d86e96a439ac301e1	0xf527a44f4e1e5792f747c5a40d7f61ca118b7c2c	0xeed700c57d04f8bd850c4fa2d7338ba89b0bb8c0
1028301	0xc84ba2d7a8cce2dacb567984743685ce6d4bdc3cb1487df8197a244ee20789ba	0x72148277da364d812ef0f4b50f1d4335e88fc6d2	0x70137010922f2fc2964b3792907f79fbb75febe8
1028301	0x8fa983b807d19edaec777c122fad0390b14dbe0738358273d4c3c76a9a1166cd	0x72148277da364d812ef0f4b50f1d4335e88fc6d2	0x70137010922f2fc2964b3792907f79fbb75febe8
1028301	0xcead80e1a7e4f33b50bfa9b218b5857a090822a3159da7d6ce0e62b4b57b8e73	0x000000059eb62517464faa604cdd31243bcbf87c	0x70137010922f2fc2964b3792907f79fbb75febe8
1028301	0x850eb6cc58530d1bc764121d12c5599325a775029421b2595353dd9f211f2c02	0x000000059eb62517464faa604cdd31243bcbf87c	0x70137010922f2fc2964b3792907f79fbb75febe8
1028301	0xa6a73b4323c5e21e96ebb8043410efe08f78ca70460536801a179812af4cda44	0xb4e64290541cbf36159e727dfd8d873f77b42149	0x70137010922f2fc2964b3792907f79fbb75febe8
1028301	0x87d48e16f3a2d0ad79a15167e409a5e72c7000ca3f09da6e28baeb634c29ef3d	0xb4e64290541cbf36159e727dfd8d873f77b42149	0x70137010922f2fc2964b3792907f79fbb75febe8
1028301	0x9df2412facf6036d2a3bafc18947ccd536b938982f01c79328fcf9bde53189ee	0xb4e64290541cbf36159e727dfd8d873f77b42149	0x70137010922f2fc2964b3792907f79fbb75febe8
1028329	0x2ae2e2d28e28f0bc0c3c33db03139adba74b8128c63882855b83e83cb7aee5eb	0xaff9cb4dcb19d13b84761c040c91d21dc6c991ec	0x4382ef4d06f089ced6ed376be3a501c8c7cea30a
1028330	0x1770d057d124135b458f73155b5349024aeda2ff9ba784737dc08f780d5eaed8	0xaff9cb4dcb19d13b84761c040c91d21dc6c991ec	0x4382ef4d06f089ced6ed376be3a501c8c7cea30a
1028339	0xef0d434a26a18642994a128e102e2bd83c59e61e7f6491b617d91eb87856fcff	0xaff9cb4dcb19d13b84761c040c91d21dc6c991ec	0xe68e5920c263d7ae396ba216ec11eaeeb8d64954
1028340	0xb5adece648139d551a38310a680aca5b08412a53393e3fc20dabda801b9db524	0xaff9cb4dcb19d13b84761c040c91d21dc6c991ec	0xe68e5920c263d7ae396ba216ec11eaeeb8d64954
1028341	0x678f7ab2cfcc4851861cf3b573399c7b064315d3d4db8b89ebba0e9f8f7e6a62	0xaff9cb4dcb19d13b84761c040c91d21dc6c991ec	0x4382ef4d06f089ced6ed376be3a501c8c7cea30a
1028342	0x6523e13de4e8b0cd5b1437c4ed309b33c0bbb974cfe0ce80aa89e12d69f0518f	0xaff9cb4dcb19d13b84761c040c91d21dc6c991ec	0x4382ef4d06f089ced6ed376be3a501c8c7cea30a
1028343	0x9634bad04522e5adaf4b81ec3489f165d500a709044515b545bc60b7886715d0	0xaff9cb4dcb19d13b84761c040c91d21dc6c991ec	0xe68e5920c263d7ae396ba216ec11eaeeb8d64954
1028344	0x7370e39ac68acf0b6d2ec65eb5db5e48191ed71c15431f88f54a5fb36b0696d6	0xaff9cb4dcb19d13b84761c040c91d21dc6c991ec	0xe68e5920c263d7ae396ba216ec11eaeeb8d64954
1028345	0x5e2940dcf36285f67b96ab704ca8d6d07f55955ebf08875fa618fb04b30f85b6	0xaff9cb4dcb19d13b84761c040c91d21dc6c991ec	0xe68e5920c263d7ae396ba216ec11eaeeb8d64954
1028346	0xe58657c95fb6cc760a778a175bad21c8dbff2207c1fc4d94a4a785a0a0eebcb9	0xaff9cb4dcb19d13b84761c040c91d21dc6c991ec	0xe68e5920c263d7ae396ba216ec11eaeeb8d64954
1028374	0x35075d5d4a66fd666b64c3321e9290fa78e08f8e5452da72e3085e0a4d052235	0xaff9cb4dcb19d13b84761c040c91d21dc6c991ec	0x4382ef4d06f089ced6ed376be3a501c8c7cea30a
1028375	0x9a7dbe950a43d1ef4a2e44291063f0d9aa8122f7a3ba516eaa73fcca91ce099f	0xaff9cb4dcb19d13b84761c040c91d21dc6c991ec	0xe68e5920c263d7ae396ba216ec11eaeeb8d64954
1028386	0x5da6c76f1069f0cc32c0b27e69e3cd6f2491e3d299455dd2a2cb423ff5b0f6bb	0xe27789f0e90230dd2e411d5b34b3f818b38558ee	0xfc97c2c87e3cc03beb5fa2facaa10bbd0d0da1af
1028424	0xe8b5f427ad013d96ad801aed7b10336e6efd0cde391a3cfad235a70b44be255a	0xaff9cb4dcb19d13b84761c040c91d21dc6c991ec	0x4382ef4d06f089ced6ed376be3a501c8c7cea30a
1028434	0x383c64c45ccc9ede755216ed71c19d3a89edaacfc6f24d343e62f904d517e533	0x63524e3fe4791aefce1e932bbfb3fdf375bfad89	0x4382ef4d06f089ced6ed376be3a501c8c7cea30a
1028435	0xe7da9982ea3e8bac2e9fcbed7d34880d58f2b12f37ecc9f25b74d153487e5627	0x63524e3fe4791aefce1e932bbfb3fdf375bfad89	0x4382ef4d06f089ced6ed376be3a501c8c7cea30a
1028436	0xa0872588f9bf5a33e5a3baaa778f204eac76704adf502075025ab23fd7442bb8	0x63524e3fe4791aefce1e932bbfb3fdf375bfad89	0x4382ef4d06f089ced6ed376be3a501c8c7cea30a
1028437	0xb321707eb03f0b05da19cbe711e63044e10b88352fe36a24fb3d24265685550f	0x63524e3fe4791aefce1e932bbfb3fdf375bfad89	0x4382ef4d06f089ced6ed376be3a501c8c7cea30a
1028438	0x1ec8d680d76497cc9ff9c923a6c4e3e8b2d253ad4fcff9c34365dd15187e0574	0x63524e3fe4791aefce1e932bbfb3fdf375bfad89	0x4382ef4d06f089ced6ed376be3a501c8c7cea30a
1028439	0x0e782c2c7490eaf5b19d5fdd65713a4bed09e2921115a12f01e40677e603b252	0x63524e3fe4791aefce1e932bbfb3fdf375bfad89	0x4382ef4d06f089ced6ed376be3a501c8c7cea30a
1028440	0x4adb27d3d24c556065ac81a20326b77104f3bda169acca588d9bf4e020a26871	0x63524e3fe4791aefce1e932bbfb3fdf375bfad89	0x4382ef4d06f089ced6ed376be3a501c8c7cea30a
1028441	0x1bfbd3b0ffdcdb59afb78970337c91887d5dc84caa4b97f823683c62b5f563c8	0x63524e3fe4791aefce1e932bbfb3fdf375bfad89	0x4382ef4d06f089ced6ed376be3a501c8c7cea30a
1028442	0x9be642b3a076b6afd6c56f5c0f951eb90281b8fd053b7f439bd127602b2d8c63	0x63524e3fe4791aefce1e932bbfb3fdf375bfad89	0xd523d9dadbf00c985d058f7844fabd3f7f10cf98
1028444	0x0f6c95a1f99623846d264a5714d1bba4d72b5b7c16c4a7f76148c5391f3e1efb	0x63524e3fe4791aefce1e932bbfb3fdf375bfad89	0xd523d9dadbf00c985d058f7844fabd3f7f10cf98
1028445	0x5bf717527e0bf16c43cb79bc981d26fa225b7ba7949e8a09067b7a856627855b	0x63524e3fe4791aefce1e932bbfb3fdf375bfad89	0xd523d9dadbf00c985d058f7844fabd3f7f10cf98
1028446	0xd7a93bbfe711eba522fdc28a3204e0b6c9241880815588cd379f9c07400ec2e8	0xaff9cb4dcb19d13b84761c040c91d21dc6c991ec	0x4382ef4d06f089ced6ed376be3a501c8c7cea30a
1028447	0x2f6d67858fe4d76e151b9145a297718b6f19ef8471fb5a2743e91e96e3dc47aa	0x63524e3fe4791aefce1e932bbfb3fdf375bfad89	0xe68e5920c263d7ae396ba216ec11eaeeb8d64954
1028448	0x5ba7993355e8e2ca898e8d71637459b0db30f65e1ecc5dc2ca9666ba42e06100	0xaff9cb4dcb19d13b84761c040c91d21dc6c991ec	0x4382ef4d06f089ced6ed376be3a501c8c7cea30a
1028449	0x5b7cc922a7e11824ca4cdbe57e18da68e36d1a79cb5d1a8a868f944ea5a17e92	0x63524e3fe4791aefce1e932bbfb3fdf375bfad89	0xd523d9dadbf00c985d058f7844fabd3f7f10cf98
1028450	0xb6aed570651db957701cfa97f7fa08e14367d0cc3b1e55efef5fc00e436884e9	0xaff9cb4dcb19d13b84761c040c91d21dc6c991ec	0x4382ef4d06f089ced6ed376be3a501c8c7cea30a
1028451	0xc664c449773824b13d5e412924b5ecac89b97242725c1ee7931849f0d29dd60b	0x63524e3fe4791aefce1e932bbfb3fdf375bfad89	0xd523d9dadbf00c985d058f7844fabd3f7f10cf98
1028452	0x3136128cc28f953dcb87c8e6c096cde270593bc4f9a6e18330f873c4dad4849b	0x63524e3fe4791aefce1e932bbfb3fdf375bfad89	0xe68e5920c263d7ae396ba216ec11eaeeb8d64954
1028453	0x0d61d30dd7b09999e80c8a3d99fd62856f2507c76c1da8576c5c3df37f38746a	0x63524e3fe4791aefce1e932bbfb3fdf375bfad89	0x2a7e417ff20606e384526ed42d306943caec2d24
1028453	0x8f12f28469ef9c6511f9ff4acfa6f785a6b876e5f8aeee6ee4cc75c86b3ad442	0x027b1495165fec8cfc49bdb8450ded4cbce4b12e	0x541040343ec32f1ec108197c3a6cb1a89280cd39
1028454	0xf727c7991692b557f326f425f8ea87d425ca11d2b6c5b171b2e69dcf57cf7e48	0x63524e3fe4791aefce1e932bbfb3fdf375bfad89	0x0cc139a358642026c5ae6ade3ed28460f691db4d
1028455	0xe0bb66f3d4226684ac0c6603639719734c525384a670ea20d7b1dd9caa85c146	0x63524e3fe4791aefce1e932bbfb3fdf375bfad89	0x0cc139a358642026c5ae6ade3ed28460f691db4d
1028456	0xb8d22bda389e48049423d4710a736e19594cf8afc1b03f6ce3381bb02cd1fabe	0x63524e3fe4791aefce1e932bbfb3fdf375bfad89	0xe20508a8f048459e388721476df5c1bc40ce07c2
1028457	0xa8e0bbcd61164eee820b3355b2e82ef130208ab676eee5484797d1b99d12cdf4	0x63524e3fe4791aefce1e932bbfb3fdf375bfad89	0x0df0daaacc67f84ea66ff0e6c64bc43bd28241a7
1028458	0x2aa12f85c00723eba97720c8c6f9b5f575ede78e7a0b9e951b3e5f14f8f3854d	0x63524e3fe4791aefce1e932bbfb3fdf375bfad89	0x4382ef4d06f089ced6ed376be3a501c8c7cea30a
1028462	0xe88efc9e79f3e1e5deb7a92f762a8fbc9021fffe9a66c7e0ea32c6cae95d581b	0xaff9cb4dcb19d13b84761c040c91d21dc6c991ec	0xe68e5920c263d7ae396ba216ec11eaeeb8d64954
1028463	0x99ae43e542d4b069d6ff2008ae136df1acd4533fad163197c6b3f9af1cdec2aa	0xaff9cb4dcb19d13b84761c040c91d21dc6c991ec	0xe68e5920c263d7ae396ba216ec11eaeeb8d64954
1028464	0xa698537612887194f87f16ec3d2d774ea84ea7a6035063d29b9fca3565b957ca	0xaff9cb4dcb19d13b84761c040c91d21dc6c991ec	0x4382ef4d06f089ced6ed376be3a501c8c7cea30a
1028491	0x53bae92b810ff7193595e97becaf62eab0c0ed480c62023ed70dc84cc1142dd5	0xaff9cb4dcb19d13b84761c040c91d21dc6c991ec	0xe68e5920c263d7ae396ba216ec11eaeeb8d64954
1028506	0xc45586267619767e18be6ebb6f9662e9dd52ef00fb5a2bbf6f8c27a45a89e67c	0xaff9cb4dcb19d13b84761c040c91d21dc6c991ec	0xe68e5920c263d7ae396ba216ec11eaeeb8d64954
1028507	0x76d29209cbd6654a5d96fd70107c5c675168002b3333be81d7a91308a99d2887	0xaff9cb4dcb19d13b84761c040c91d21dc6c991ec	0xe68e5920c263d7ae396ba216ec11eaeeb8d64954
1028509	0xa6a2e5cad048de60442240691ab4081c7eccbcbf1b2a0b21f9c7c07ab467f9bb	0xaff9cb4dcb19d13b84761c040c91d21dc6c991ec	0x4382ef4d06f089ced6ed376be3a501c8c7cea30a
1028512	0x737dbdfdd67929414c1b708a133a2e95809ca8ab1c4923dbb9062926558f1276	0xaff9cb4dcb19d13b84761c040c91d21dc6c991ec	0xb5283caadc58fc34eab71fcfbb5fdcf29e2b89a7
1028514	0x2b8b2be1ba2575db380bc54cedae214a4f5eb2fbf8c8e9001226493f8e8b4e6d	0x61decad3910818ef8880cc68f6540cc4a45fb935	0xfb7bc66a002762e28545ea0a7fc970d381863c42
1028523	0x82dd0819fd99c5640862128f0fb69d094bfbda39487f035ac15401d8002aabfb	0xaff9cb4dcb19d13b84761c040c91d21dc6c991ec	0x4382ef4d06f089ced6ed376be3a501c8c7cea30a
1028524	0x743b251583494d4f918f6ffb7df6388c9436c0c906c480aa8991b9c1260edaf6	0xaff9cb4dcb19d13b84761c040c91d21dc6c991ec	0x4382ef4d06f089ced6ed376be3a501c8c7cea30a
1028525	0x62f7657f3fb6218b11ad0d19621e59070e210384ef6f3e42a95b7f93f1ec2e76	0xaff9cb4dcb19d13b84761c040c91d21dc6c991ec	0x4382ef4d06f089ced6ed376be3a501c8c7cea30a
1028528	0x5222e53f363cbec338c89e90172e4893163c9ddbb2fc193086f38518c74937a7	0xaff9cb4dcb19d13b84761c040c91d21dc6c991ec	0x4382ef4d06f089ced6ed376be3a501c8c7cea30a
1028529	0x59359171d72516b885772ef92711889c853e0e00244e065d33ae36360b1fe19e	0xaff9cb4dcb19d13b84761c040c91d21dc6c991ec	0x4382ef4d06f089ced6ed376be3a501c8c7cea30a
1028530	0x8fbb7272c9fb9c7a3f57e9e6f2c53ab04e501edbdee4c4a5f85aeb79ad0b035a	0xaff9cb4dcb19d13b84761c040c91d21dc6c991ec	0x4382ef4d06f089ced6ed376be3a501c8c7cea30a
1028545	0xcf558306c8f1f483a857d928d3fe1b049b5272feea26b5da3e56358b5dc74ffb	0xaff9cb4dcb19d13b84761c040c91d21dc6c991ec	0x4382ef4d06f089ced6ed376be3a501c8c7cea30a
1028546	0xc3a6454e71b8bf7ddbcdcc453d989deca52e955cf2afd8cf89f96b3cc04de2b7	0xaff9cb4dcb19d13b84761c040c91d21dc6c991ec	0x4382ef4d06f089ced6ed376be3a501c8c7cea30a
1028564	0x6bd4262ad5990c2492401bee2f7953fb7b676aac65a95a766765acb9db12c509	0xaff9cb4dcb19d13b84761c040c91d21dc6c991ec	0x4382ef4d06f089ced6ed376be3a501c8c7cea30a
1028565	0xa1e924cda760a7bae7c23d76068172db89e5af93ad8d25f85288007901870f9e	0xaff9cb4dcb19d13b84761c040c91d21dc6c991ec	0x4382ef4d06f089ced6ed376be3a501c8c7cea30a
1028566	0x15a165b70b823bd90820d589cf1735c303ef0d5e269fe369ac9410195ea99d89	0xaff9cb4dcb19d13b84761c040c91d21dc6c991ec	0x4382ef4d06f089ced6ed376be3a501c8c7cea30a
1028582	0x1d2a5c3c09c5225369158fd69a0a921783d1a59ebc9126832879da2f72c79c3d	0xaff9cb4dcb19d13b84761c040c91d21dc6c991ec	0xe68e5920c263d7ae396ba216ec11eaeeb8d64954
1028584	0x9dd40e9f8c5b7b85301c64cf106206646b058c0476728855408441ffa700bd35	0xaff9cb4dcb19d13b84761c040c91d21dc6c991ec	0x4382ef4d06f089ced6ed376be3a501c8c7cea30a
1028585	0x83903a4b407bce1225728d9c81762e33696b10c804d859b3603da23bdf875ab9	0xaff9cb4dcb19d13b84761c040c91d21dc6c991ec	0x4382ef4d06f089ced6ed376be3a501c8c7cea30a
1028590	0xb5f1c4685d90288541a04ea83ee7d94e9cb1d1e3226295041eca770465791d5d	0x022f54b7c8da285ad2d294e485f914d5c275caf5	0xd7cf02fadf1681e45227d6edb3649645b4936ebb
1028590	0x98438f851cc1f939a7c2e2eab95902104015186924caf36b66dc53de9137e221	0xb807abd101c134ba276877d5a84d6994f045537b	0xd7cf02fadf1681e45227d6edb3649645b4936ebb
1028593	0x6be51c5a6dd79604306e259b3e7dbd070ea47e64a6507c72f12040b92b670acd	0xaff9cb4dcb19d13b84761c040c91d21dc6c991ec	0xb5283caadc58fc34eab71fcfbb5fdcf29e2b89a7
1028624	0x3f4e3515de28f8b6a7dbf9b49c48a39c53640632be199464bbd8a45cda556963	0x027b1495165fec8cfc49bdb8450ded4cbce4b12e	0x541040343ec32f1ec108197c3a6cb1a89280cd39
1028625	0xfbe9d2bfb9c560a0f54705279850794f5ba0be514776a56acc12db4755ba96eb	0xaff9cb4dcb19d13b84761c040c91d21dc6c991ec	0xe68e5920c263d7ae396ba216ec11eaeeb8d64954
1028626	0x73583bae54d3d33a8a02117606c3276902755f558f2099866c06c949e11ad993	0xaff9cb4dcb19d13b84761c040c91d21dc6c991ec	0xe68e5920c263d7ae396ba216ec11eaeeb8d64954
1028629	0x30fb88e3f3bc6f78adf50ef46ad3e668536ffb6fb3be93eddcc0d58b41a0856c	0xaff9cb4dcb19d13b84761c040c91d21dc6c991ec	0x4382ef4d06f089ced6ed376be3a501c8c7cea30a
1028641	0x52b88faa243897197b542a1e7080cc10778bacbfb6288b17e7c6af6be1ceb227	0xaff9cb4dcb19d13b84761c040c91d21dc6c991ec	0xb5283caadc58fc34eab71fcfbb5fdcf29e2b89a7
1028648	0x54a0a4920f343d7d963a72f992e283c112bf7b4e85f3ef78d7a15b817a69bd49	0x027b1495165fec8cfc49bdb8450ded4cbce4b12e	0x541040343ec32f1ec108197c3a6cb1a89280cd39
1028674	0x110779aa2d0c9d68d902c93bc2df1492b784413b1dd44af6fea5a30d89255cb3	0xaff9cb4dcb19d13b84761c040c91d21dc6c991ec	0x4382ef4d06f089ced6ed376be3a501c8c7cea30a
1028677	0x61ffcc77a5aedaebe28eca95dbc6ca0b3b454667a40090685d6fee84998d85d1	0xaff9cb4dcb19d13b84761c040c91d21dc6c991ec	0xb5283caadc58fc34eab71fcfbb5fdcf29e2b89a7
1028688	0xd92889329b8dc48cda62bd5c6e9e503b9f7a690937f84e5434e8c319dc2f5584	0x496573174e1b1c1055904d58f45fe2f9e8fcb859	0xf48313d6892f75dcb41dfdf48901c9cb9b146ac8
1028688	0x81f6202ab91f41eabd58f2a99246078bafe0d2ab54ce359bafdd59d3696a570b	0x67afe044b64be3dfada4a0d83bbbb86bbc6cb57a	0xf48313d6892f75dcb41dfdf48901c9cb9b146ac8
1028688	0xa3f2a0f5cd547bf42711c579162badaf5832f0c6e938205c0b16466bc5d5e106	0x753f49fb35f0f6f8a7bff0413e376af88f7ff684	0xf48313d6892f75dcb41dfdf48901c9cb9b146ac8
1028711	0x40b84cd75a00a9fc7a65ffaa65aa117bacbb7e9d92a017143cc3dafea34a5930	0x3684954c586c79ad1f99b887b12ce2cd8458925f	0x9078d6b5706d5709cf1d84a3a8d9d3845f6a0f77
1028756	0x44946ab53290c60e747103c3220a1e306f475631c76e0c33d298e379af0d7489	0xaff9cb4dcb19d13b84761c040c91d21dc6c991ec	0x4382ef4d06f089ced6ed376be3a501c8c7cea30a
1028757	0x7c9e7d3a5ec1aaa860d771abbb9d0e08f2d51c2b372aeda79f039496429f5ece	0xaff9cb4dcb19d13b84761c040c91d21dc6c991ec	0x4382ef4d06f089ced6ed376be3a501c8c7cea30a
1028758	0x5b6061b720b51debd9770e169dce7b98e3d373cf840eb37ba58d16d8ef291e05	0xaff9cb4dcb19d13b84761c040c91d21dc6c991ec	0x4382ef4d06f089ced6ed376be3a501c8c7cea30a
1028759	0xcefdf519060816caafb33d28e4c86c5f98c5ca1e4cfc71ea8b769ef1c2983044	0xaff9cb4dcb19d13b84761c040c91d21dc6c991ec	0x4382ef4d06f089ced6ed376be3a501c8c7cea30a
1028785	0x5108b0048f8330c0bb12b8ac923742507392dbb020da7b8cd4b196bbf988babf	0xaff9cb4dcb19d13b84761c040c91d21dc6c991ec	0x4382ef4d06f089ced6ed376be3a501c8c7cea30a
1028786	0xf7a5f7f4144fd7dbe63f0a7af28a4f3ffd2a636acca323919f8722a03f635f58	0xaff9cb4dcb19d13b84761c040c91d21dc6c991ec	0x4382ef4d06f089ced6ed376be3a501c8c7cea30a
1028798	0x0a1606ff582446f949621b82e90e88246c44bdcaf226c6f311d93ddc804d0159	0xe14d812e0ee61584c62de17e7e8e506895f602e0	0xacc8decdfdcbed202b8632947c60487494f5d2c7
1028832	0xed1a95b9d754e260048479d5c5e73eca4a903c9e9ec21176181e084e87fd08f0	0xaff9cb4dcb19d13b84761c040c91d21dc6c991ec	0xe68e5920c263d7ae396ba216ec11eaeeb8d64954
1028910	0xc8f4e296fd915dfc653f3828131f77e978e1259290f26a2478d5b384aeb48b4c	0xaff9cb4dcb19d13b84761c040c91d21dc6c991ec	0x4382ef4d06f089ced6ed376be3a501c8c7cea30a
1028911	0x6f51f41735c69b00426015e6947ad29ea2c8db2be7518fbd81530279641a1283	0xaff9cb4dcb19d13b84761c040c91d21dc6c991ec	0x4382ef4d06f089ced6ed376be3a501c8c7cea30a
1028912	0xd427ce3d5de604352c316bf58440be4f4883e70cd7d2720ce8d398686a716d18	0xaff9cb4dcb19d13b84761c040c91d21dc6c991ec	0x4382ef4d06f089ced6ed376be3a501c8c7cea30a
1028927	0x2d243e98c5ef56ea4f7ab9ca42dbcc2aa7704d9bce183927ca4e1d2af074bb79	0xaff9cb4dcb19d13b84761c040c91d21dc6c991ec	0x4382ef4d06f089ced6ed376be3a501c8c7cea30a
1028941	0x05339fab1f534d0f03b0babab7b9b2f0e902f9900864e9309220c384776ca4fa	0xaff9cb4dcb19d13b84761c040c91d21dc6c991ec	0x4382ef4d06f089ced6ed376be3a501c8c7cea30a
1028942	0x2d0ac05e65c844a0ed749932440d7c606b04ef752d9e15938f165be9b34407da	0xaff9cb4dcb19d13b84761c040c91d21dc6c991ec	0x4382ef4d06f089ced6ed376be3a501c8c7cea30a
1028943	0x75d55edadb6de85c5b5e79b940353bfd05644b4c673e9371360d34f09c8e249f	0xaff9cb4dcb19d13b84761c040c91d21dc6c991ec	0x4382ef4d06f089ced6ed376be3a501c8c7cea30a
1028944	0x65ddc5901de675e855b7da71cb6a8a222cfcc98499c0d532743eff0f3a14de1c	0xaff9cb4dcb19d13b84761c040c91d21dc6c991ec	0x4382ef4d06f089ced6ed376be3a501c8c7cea30a
1028945	0xe8068bf35874420e20e8a7e68c6b239853f2a01b0c9d210cbace05ce73ea54e6	0xaff9cb4dcb19d13b84761c040c91d21dc6c991ec	0x4382ef4d06f089ced6ed376be3a501c8c7cea30a
1028948	0x765df9133890ba3d3a309d68594c9354c7fcd9b51d2d4fc572aed0d39958f500	0x94d700b9157ffb28d39937b60317865d060bb2f2	0xb4f6a8f7cd91cd4bcadcc0a20e417c392e5f50a4
1028949	0x9c74695b83ad30467ba41fd8db8408837eb1c9ddcda7f840ae234ec24450452e	0xaff9cb4dcb19d13b84761c040c91d21dc6c991ec	0xb5283caadc58fc34eab71fcfbb5fdcf29e2b89a7
1028957	0x761c4b4c7b80142b4679eec362abd1d7f578c55849152bc4398f0a951dbb1475	0xaff9cb4dcb19d13b84761c040c91d21dc6c991ec	0xe68e5920c263d7ae396ba216ec11eaeeb8d64954
1028958	0x740a64ab4f2518c6cdf156b6d09f4b42896efdfc1203afbbc0143bf47732d3b8	0xaff9cb4dcb19d13b84761c040c91d21dc6c991ec	0xb5283caadc58fc34eab71fcfbb5fdcf29e2b89a7
1028960	0x6005d73910c428f2333f643974e7433c67c386533710a3dea6ab9f4d2d48acb5	0xaff9cb4dcb19d13b84761c040c91d21dc6c991ec	0x4382ef4d06f089ced6ed376be3a501c8c7cea30a
1028961	0x33492e5bc99e16826d5eaaebe9d32f9c9bbc0f438d3b5619dfc1513addb44926	0xaff9cb4dcb19d13b84761c040c91d21dc6c991ec	0x4382ef4d06f089ced6ed376be3a501c8c7cea30a
1028962	0xed78995cc9c86a937da37953041357c9c0715d9c8483e4468ea879052212efad	0xaff9cb4dcb19d13b84761c040c91d21dc6c991ec	0x4382ef4d06f089ced6ed376be3a501c8c7cea30a
1028967	0x55d48d5e3cb55baf5221619de256749bba97dd2df04aacdfc354755f2f5eb43b	0xaff9cb4dcb19d13b84761c040c91d21dc6c991ec	0xe68e5920c263d7ae396ba216ec11eaeeb8d64954
1028968	0xb69bfa98f92d198c975eafd05effdbdb948819314ce982119ff23acef85dd8a1	0xaff9cb4dcb19d13b84761c040c91d21dc6c991ec	0xe68e5920c263d7ae396ba216ec11eaeeb8d64954
1028977	0x8b8eb37ae88611a514c8bbce0a489e1641eb56a7c3d4b0669d679a513ebea36d	0xaff9cb4dcb19d13b84761c040c91d21dc6c991ec	0x4382ef4d06f089ced6ed376be3a501c8c7cea30a
1028978	0x1544bfcac1a3543f4ea4682327c9df04f01f80cce68bed0db2a87c6c9d7873bb	0xaff9cb4dcb19d13b84761c040c91d21dc6c991ec	0x4382ef4d06f089ced6ed376be3a501c8c7cea30a
1028979	0x3ade674d8e30dcdb09f9fc64c819f55137c997cca9868dda247d9656a7ef2549	0xaff9cb4dcb19d13b84761c040c91d21dc6c991ec	0x4382ef4d06f089ced6ed376be3a501c8c7cea30a
1028980	0x45362bc74a99ab6de2a4b96356757cd7860dcc901e626ba10a4de763186490e9	0xaff9cb4dcb19d13b84761c040c91d21dc6c991ec	0xe68e5920c263d7ae396ba216ec11eaeeb8d64954
1029011	0x201b6c7086371c145428de807492144eddec0af4c7d00c8eb9ba5ffbc20814ef	0xaff9cb4dcb19d13b84761c040c91d21dc6c991ec	0xe68e5920c263d7ae396ba216ec11eaeeb8d64954
1029012	0xcd2729c3789ad829ab7ef8de4e55eff5ddf2100184443e66d66c6f21bcb61b05	0xaff9cb4dcb19d13b84761c040c91d21dc6c991ec	0xe68e5920c263d7ae396ba216ec11eaeeb8d64954
1029031	0x468dd8f995adb775e81f336e8e7bf09cf68f3dc2a780f8addd2edcab8100a5df	0xaff9cb4dcb19d13b84761c040c91d21dc6c991ec	0xe68e5920c263d7ae396ba216ec11eaeeb8d64954
1029032	0xc8ecc0986b31de1a6116bcc4f860ed9c0d9d056946e65220bbe804a92c1aeb06	0xaff9cb4dcb19d13b84761c040c91d21dc6c991ec	0xe68e5920c263d7ae396ba216ec11eaeeb8d64954
1029033	0xe53ac7c5a262ec042578f2fc0dfbfcfe62a12a683b0cd289f0ebfb6e0b89d7ab	0xaff9cb4dcb19d13b84761c040c91d21dc6c991ec	0xe68e5920c263d7ae396ba216ec11eaeeb8d64954
1029034	0x9cb56e2aae5f9f8e31b0139cc6d5b7b7d8021307aff06685750ef61ac068a8ff	0xaff9cb4dcb19d13b84761c040c91d21dc6c991ec	0x4382ef4d06f089ced6ed376be3a501c8c7cea30a
1029035	0x37af6c46573abde2850973c19ac7413603e2a4309c725166449b9865680b0f1e	0xaff9cb4dcb19d13b84761c040c91d21dc6c991ec	0x4382ef4d06f089ced6ed376be3a501c8c7cea30a
1029036	0xe5d8040a65f5ebf0d9723f07db0535008f8ce1bacb007f8b812dbbfd9955f767	0xaff9cb4dcb19d13b84761c040c91d21dc6c991ec	0x4382ef4d06f089ced6ed376be3a501c8c7cea30a
1029037	0x2af6a66fb936245421d85d17cff5228cc0cf03c2e0da13b49f970a2707697141	0xaff9cb4dcb19d13b84761c040c91d21dc6c991ec	0x4382ef4d06f089ced6ed376be3a501c8c7cea30a
1029038	0xc7d4a44efcaff8d75b0ee9b097126076e97b24c2b3efb37a7e8ad0b2ffb42036	0xaff9cb4dcb19d13b84761c040c91d21dc6c991ec	0x4382ef4d06f089ced6ed376be3a501c8c7cea30a
1029039	0x207a72f9584f86d9f64e477672380c394410be8d57046dc0c40bb93c462d982b	0xaff9cb4dcb19d13b84761c040c91d21dc6c991ec	0x4382ef4d06f089ced6ed376be3a501c8c7cea30a
1029040	0xecdde8708b35f19926ed7b1a0210e7185fe14bf06a78060bab98c86ea633eacd	0xaff9cb4dcb19d13b84761c040c91d21dc6c991ec	0x4382ef4d06f089ced6ed376be3a501c8c7cea30a
1029041	0xafb78e24aea8e146973d4d9dc06e7756935d91313bdb6243a6b6be382d4b99fb	0xaff9cb4dcb19d13b84761c040c91d21dc6c991ec	0x4382ef4d06f089ced6ed376be3a501c8c7cea30a
1029042	0xd91aba14d32b12259b34df488c459667171ff6142c4f09c8ba40514cd78860a5	0xaff9cb4dcb19d13b84761c040c91d21dc6c991ec	0x4382ef4d06f089ced6ed376be3a501c8c7cea30a
1029043	0x2b7d437ddf1c60ce476b83d2cf5c7ec3ebf3cf6efea9a4eec7990b3b996af736	0xaff9cb4dcb19d13b84761c040c91d21dc6c991ec	0x4382ef4d06f089ced6ed376be3a501c8c7cea30a
1029044	0x6e87703c6b8f9400b44147ae8320f7787431ffdac1e59bcb0be04cb30f7a981f	0xaff9cb4dcb19d13b84761c040c91d21dc6c991ec	0xb5283caadc58fc34eab71fcfbb5fdcf29e2b89a7
1029081	0xb942ab6a29cefe6ddf2529d7426fd9d44191ed374be51ac552580c236f6a44f2	0xaff9cb4dcb19d13b84761c040c91d21dc6c991ec	0x4382ef4d06f089ced6ed376be3a501c8c7cea30a
1029112	0xd8578a6c11cc7ca4abbb08eea0b00063eab01150bb0b6f18cf232fca94af038e	0x73f1e31bc69e762587a3e286ec8d48cae9169416	0xf1002ec0bea2f276a2573ef7a1b8071171cc5c04
1029118	0x5d79d57909b1ff25696ba928cea46f9ac7685e834af339a100665545c4ddcdbd	0xdc471c2659b55785d60d389f02c5d5433ba0b8d5	0xc4778dcf115d1ba76b440473677b45081d0c8750
1029121	0x655d86a67a91701889e2a2caeafd9c66f7972535e404ace6f76e7875c32575f0	0xce90e3ddc41b615a9c1befdb81375aa723d65ea2	0x2b4f8d2fa9eaaff9f7c6983450fa9681b47d9a87
1029135	0xcbc01a0c1b307ae2f616fb07d7c3e9446349bd2a9fa0101c68d590bfe0924971	0xaff9cb4dcb19d13b84761c040c91d21dc6c991ec	0x4382ef4d06f089ced6ed376be3a501c8c7cea30a
1029136	0x477601eed63d595375c055db497af1ab5277610200746bbf10423b4904611a56	0xaff9cb4dcb19d13b84761c040c91d21dc6c991ec	0x4382ef4d06f089ced6ed376be3a501c8c7cea30a
1029137	0x6d6b7efec98ef6510fb4a5d5778274e49300577ea66f68339c625578a07e81b3	0xaff9cb4dcb19d13b84761c040c91d21dc6c991ec	0x4382ef4d06f089ced6ed376be3a501c8c7cea30a
1029138	0xda2ff2561ca54ee6743928701d39f90381be858485a08bbf61729739a2ef3ddd	0xaff9cb4dcb19d13b84761c040c91d21dc6c991ec	0x4382ef4d06f089ced6ed376be3a501c8c7cea30a
1029139	0x7421da6bbf3de5b880ec725b67c90e6e31c9634123dcf9f5729bb1ad165570d2	0xaff9cb4dcb19d13b84761c040c91d21dc6c991ec	0xe68e5920c263d7ae396ba216ec11eaeeb8d64954
1029251	0x9d4635c0f166175881961b7d14e0fb795376e5ccb9bb130b120a42e7dae770d2	0xaff9cb4dcb19d13b84761c040c91d21dc6c991ec	0xe68e5920c263d7ae396ba216ec11eaeeb8d64954
1029252	0x57f038ba513d2fe6adead6be956151ea2e7c558bba5a75f1e9f243ccef9326f4	0xaff9cb4dcb19d13b84761c040c91d21dc6c991ec	0xe68e5920c263d7ae396ba216ec11eaeeb8d64954
1029277	0xa6bd97334415bce05bc10f934a0e9112bbe71a98f5828073ad1f03d5b870c9c4	0xaff9cb4dcb19d13b84761c040c91d21dc6c991ec	0x4382ef4d06f089ced6ed376be3a501c8c7cea30a
1029278	0x2067f2f0f16e17a47517b415ddfbb862b2b9a6f020a1eeb71b8450583959e08f	0xaff9cb4dcb19d13b84761c040c91d21dc6c991ec	0x4382ef4d06f089ced6ed376be3a501c8c7cea30a
1029290	0x41554e0ff012cf00d6f9689f96683bad8175619424e87eb94cb21e2087c13e4b	0xaff9cb4dcb19d13b84761c040c91d21dc6c991ec	0xb5283caadc58fc34eab71fcfbb5fdcf29e2b89a7
1029294	0x5fe2eb8a4ef8ab7e286a80984e580eed11b5e068ea2d5a8b1883eb4ed67b7c04	0xaff9cb4dcb19d13b84761c040c91d21dc6c991ec	0xe68e5920c263d7ae396ba216ec11eaeeb8d64954
1029295	0x5a89f2f2feb95c4d1604d931699f2e73620d30757760a625ebedbdb893b7a146	0xaff9cb4dcb19d13b84761c040c91d21dc6c991ec	0xe68e5920c263d7ae396ba216ec11eaeeb8d64954
1029303	0x2b181f89bb0a308c5a69cf4eb426d548fd62a19b5f69151a1ee6585b1e3aa6a5	0xaff9cb4dcb19d13b84761c040c91d21dc6c991ec	0xb5283caadc58fc34eab71fcfbb5fdcf29e2b89a7
1029365	0x68ac2e3efc3c83d51abc65526b4b73de1f9048ffd675c3769f60dd7f1ee002b0	0xaff9cb4dcb19d13b84761c040c91d21dc6c991ec	0x4382ef4d06f089ced6ed376be3a501c8c7cea30a
1029366	0x439b9ac57cfe315a41bdc2d1680ca4439338d299655b4a7c267185137939c8f0	0xaff9cb4dcb19d13b84761c040c91d21dc6c991ec	0x4382ef4d06f089ced6ed376be3a501c8c7cea30a
1029389	0x8cabe8f740391ec35acc6ce6252bf09474a72f3bd13e3b5386e8825eb85e1d6d	0x3f5cd2b711eaf2131237650c2eb03732f1bea2cd	0x3f5cd2b711eaf2131237650c2eb03732f1bea2cd
1029391	0xe14967baf429eee0f4e70f9bce38dd5113e4d99a9ddb8a3436af46ea64932052	0x6bb8cf2fb3b3d6ef9b119a4e69c7c063362c135f	0x3f5cd2b711eaf2131237650c2eb03732f1bea2cd
1029392	0x75763041fb005a066f9af2359a631540fda7ef83f64f2397adc88bf16493e723	0x3f5cd2b711eaf2131237650c2eb03732f1bea2cd	0x3f5cd2b711eaf2131237650c2eb03732f1bea2cd
1029426	0x88fb692d626d626599f2269b8edd13be02c3df5be0c7e5d63be1f61bd704e0bb	0x68b00f6e59ed4d4a4203f7cb8b6fa69411abdf7b	0xfc7794679a98336581ff4a23da12d34879b2b283
1029431	0x29da21acc39378a9b4bc7c65d5e633e21603cd34c222351870f6d8399733cc79	0xa49ce8f7efa0733cb2082de6a8b945b57f1db6ab	0xfc7794679a98336581ff4a23da12d34879b2b283
1029433	0xf9e2f7a998211c73dbbb56ec08ac933317a49b4f2b512483375ebe3d4035ac9d	0x41da93fed95476aee83f80f04ed93a370748c6cb	0xfc7794679a98336581ff4a23da12d34879b2b283
1029436	0x01ba7c7877a65a69e0ae0a179922cf97fd0b90fe56b9f264b877b3f2bb05cad5	0xf8c6f955c45ad47f1c3aea15668b3d2792bbd01d	0xd00dc42f517e0b49d1c735eba6aeede8642d6380
1029439	0x2cefa068b776160b113b65694ecc2a71df74c6ec527b9139329498e88c07782e	0x7a8c10f08ecf75bff7658eda08ea2368c3f814b5	0xd00dc42f517e0b49d1c735eba6aeede8642d6380
1029440	0x98e80bedca855be2dc455865c287a9df967be13cb97d9d59979315a60ca20771	0x79d9d98c0297e4f219b2bcc135d9e6747f624478	0xd00dc42f517e0b49d1c735eba6aeede8642d6380
1029441	0x09a5fa775698958f93f01adb84f2b817ae1b32c6d087735f17ee22d76240c398	0x57245fe081b7e38a48afb071763e593b3f551c4d	0xfa6aa76bff1257fe789280951d927740aa9cffae
1029444	0x0fbadd2f171c2c764822f0346b0ad7fd39ce534591af731353b922d02b035fe9	0x1f8429d3ca6bcc7ab508e885d092f5aaa3f6f6d3	0xfa6aa76bff1257fe789280951d927740aa9cffae
1029445	0xbceecede6c9165444cf7165ae0df3580dbf07949f027bab3b866decb8768867d	0x7fd41799058374098a2a66bfda21114dc1d29b6c	0xfbee6717994b2f660c42ccc231c73ebb7ecaad52
1029445	0xf5397283e14ce580b2cbe97b4233a27b10d741268d1d576b8a8f80f0d5197121	0x8e2b3177f7b12070d7e8c25f0ed6037317ddef17	0xfbee6717994b2f660c42ccc231c73ebb7ecaad52
1029447	0xbce4af5e68649618f78680eb145f85100cd898606d2f5eb9fe4bf40297a4b934	0xdaf071257670832e737180858faaba5032428f29	0xfbee6717994b2f660c42ccc231c73ebb7ecaad52
1029450	0xf3f47a56d62d5e6a09c95722d823fc1ee99df57f2a748cc77c2b1f35d71aa9a1	0xab860f7389132eda55272b1f11a1f83258052e93	0xfc7794679a98336581ff4a23da12d34879b2b283
1029451	0xa97ad9746bdef57cf87424b1b147b8c082dc2390c09ef9f554d23ec9a6a92db9	0x3e553f933beaebe0e521986364ad34cf0dcccef5	0xfc7794679a98336581ff4a23da12d34879b2b283
1029451	0x53111fd40c6c7114b18399a0575a188854c6dcdb6477e2938c3eef4dc46f1699	0x50d741c594971a672dfd6eee0aa873e463e7f339	0xfc7794679a98336581ff4a23da12d34879b2b283
1029451	0x37d66d9bbfab88cd51a9b21a768b9cb1a58fb9cf35d7aa669e34699894f2fae3	0x32a10144137be1187cf4d0fb09ed743b1bf19b01	0xd00dc42f517e0b49d1c735eba6aeede8642d6380
1029451	0xbee0dadf62ec35a84dfa7ad22512cfc8e06e6d2e2a74a560b55163763790ca65	0xf667a0af644f4bfebba8e62895480237df528fde	0xd00dc42f517e0b49d1c735eba6aeede8642d6380
1029452	0x5be32bc08a0f740b14cf09dde5e35893d4b8f49737443fa03a463c2fff059619	0x2ff4fef17aa9baf5b42c869655292f08f80b334d	0xd00dc42f517e0b49d1c735eba6aeede8642d6380
1029453	0x0a583acad20705c2f480c3cf444f82b076a500173d221ea126bedc14baa89452	0x511ccb0540f100079635b16dcb373099062bc9cd	0xd00dc42f517e0b49d1c735eba6aeede8642d6380
1029454	0xe3a75fdf8e4b4368fead9c98dacc6a29c15348c6e7fd93be24f84179a7c9ea27	0x4a15afdae389e0fa3532b049a97c81f1ffbe80f8	0xfa6aa76bff1257fe789280951d927740aa9cffae
1029454	0xe390f5b56a04b5bae6eb6d3c87c3364195897c82a16d685d11ce16b650e7aee9	0x4f18738bc07d832a9fb2a69e483c117904472156	0xfa6aa76bff1257fe789280951d927740aa9cffae
1029454	0x3e831ab478e780bc4cf999b40fbfd6386df0dd68c078b4d4211d6841c80afbe5	0x32874b0c0ed3f0387e44f2a81eceb4c69eb5f29d	0xfa6aa76bff1257fe789280951d927740aa9cffae
1029456	0xb350a6255c7bb2f2c7ee132faff6d83969f79c2693d347c03800c701b1619bb7	0xa48ad746aa8c1ded42ea126d65f9ee344fc71f6b	0xfa6aa76bff1257fe789280951d927740aa9cffae
1029457	0x116be49323c1d5d66bf48930bf408a073289df00e5c3417ce9850ab365a69e11	0x2c241b3a79bb938c3226d848a20016650e9538d3	0x7a4d7295d83ab59e03723e67582eded459b8f349
1029458	0xdddd0552e7b45a41e02fa22e763420b30cde1e4d039539ac1d327f1902ef8eca	0x487cee6ed3324af8bd2c88c886d13dc999623540	0x7a4d7295d83ab59e03723e67582eded459b8f349
1029460	0xf143fb796fad2b6ea3e01bd59a17f276059f5229952c91af48300305b36fbe1c	0xd95242a6b97c75a282f1ba3456e27397ce0971ac	0x7a4d7295d83ab59e03723e67582eded459b8f349
1029460	0xad0d6d33cb2518153893c4b1137e758b0faaac0d7f012c364485ea23dfdbd841	0x911e8ac03d8c51809844afd7aa3eef7cbda8343d	0x7a4d7295d83ab59e03723e67582eded459b8f349
1029460	0x950c64ff6c72a98b25e8abbaca5b34fbe00ed791ca6013eb7295226907d22d86	0x0e1d70a5d0bb458c14ac9d6845f6c6512f3e2052	0x7a4d7295d83ab59e03723e67582eded459b8f349
1029460	0x80dbdc69f3dbc13eb23c86b99f834358d8a3468458cab8c45a6b433e66e28139	0xf6771dd488687a3a2255ea1fd3843ee27f413a2d	0x7a4d7295d83ab59e03723e67582eded459b8f349
1029463	0x260148f223e53fa8a1b8cf6881360999baedd9620f062564aabefc0a107f528f	0x5ddb7715d0c9e22f3abf1e667c21fb5f90a71a0c	0x7a4d7295d83ab59e03723e67582eded459b8f349
1029511	0xb4c49d7e23f2d72434de288d13c39626d0b1408fdde0225ea50a4371f006b082	0xccb47612f10ae9c242a3ba4351d12f773d622cd1	0x10b7f6618cc6f1dd031f81b15e56962698d7a9e5
1029518	0x1ef69859582ee1a4897fe4a0ac27e811812c75484d95ac1f0c5aff93e6e213e8	0xaff9cb4dcb19d13b84761c040c91d21dc6c991ec	0xb5283caadc58fc34eab71fcfbb5fdcf29e2b89a7
1029518	0x5d8d6f50147870e72c39585b721e9db185652105b863144a880a1fd666198897	0x9ea87fbc94629e70d28ae0aabdeaf230f3b5e676	0x10b7f6618cc6f1dd031f81b15e56962698d7a9e5
1029518	0x47a5645f11f86ac9738e171dfce18a4af70aa97bb7728bdb2a6f14b398491946	0x7116e4c69bf005c87e380ab53f80630dcde58aa6	0x10b7f6618cc6f1dd031f81b15e56962698d7a9e5
1029526	0xd33dcf74e71198264242250b0dbf1bfc74797b0c1ebae291f5b389abb7337553	0xaff9cb4dcb19d13b84761c040c91d21dc6c991ec	0x4382ef4d06f089ced6ed376be3a501c8c7cea30a
1029537	0x9db53ef37109c46740a4747e15572c3bd3e5d3ac6d6817dfb9dfbe375f5a8dce	0xaff9cb4dcb19d13b84761c040c91d21dc6c991ec	0x4382ef4d06f089ced6ed376be3a501c8c7cea30a
1029538	0xf216a0a918a5d9e48a597a5b2505134b2cd07c1ea6fdcd356f3a66cfc6533728	0xaff9cb4dcb19d13b84761c040c91d21dc6c991ec	0x4382ef4d06f089ced6ed376be3a501c8c7cea30a
1029543	0xb000f24a32f840283b63828ef2df8a7f5e6e509771c5c11226ca79c3fc68e422	0xbb91bdc6e60c7d96139366329346a16ae9050a9f	0xfa6aa76bff1257fe789280951d927740aa9cffae
1029548	0x9f138aef1354da367b27db0e974a99af4c7ec612df638cd63342f1000f394193	0xffdeabb6c5b2e72e37fdb30ee52dc51e82a5b7ce	0x10b7f6618cc6f1dd031f81b15e56962698d7a9e5
1029548	0xc486065aeb347d8f2ee87f33d387f124e604fd73305c6844612412e198cbe08a	0x3015f236dee17d5e74dc8f313a52bf9871edf608	0xbf9f79f818173ba93e3b360a6a1405960cc27677
1029548	0x6b5416e9ae477e8a458e98ae46eb16278276720e88a87c7a31a04c999da5b527	0x46631b5dfd9a1284036ad1ddb1486bf1068c97f7	0xbf9f79f818173ba93e3b360a6a1405960cc27677
1029548	0xab72d40cbadf456656dd159bdb1d2670e87f28997675d825700d5c8ff436a13e	0x795c74a013aa756356187119ae89573c59c63cb4	0xbf9f79f818173ba93e3b360a6a1405960cc27677
1029548	0x47d52dedd86f3a9c997068a6066151e05cf082bb03aad32746abdc3b1cea6a50	0xdd5b91d9dea7f9b41b2d3080ee6887f5295f4b14	0xbf9f79f818173ba93e3b360a6a1405960cc27677
1029552	0xcba8576f0adcea68c52c813cc77493c8f186d9a90da1fc9501752c3936745677	0xaff9cb4dcb19d13b84761c040c91d21dc6c991ec	0xe68e5920c263d7ae396ba216ec11eaeeb8d64954
1029553	0x705545ce878e3f449467b7e73ed68b48f50aee716271124c16311c32f0791a1b	0xaff9cb4dcb19d13b84761c040c91d21dc6c991ec	0xe68e5920c263d7ae396ba216ec11eaeeb8d64954
1029559	0xf91ff01220d5620b3043e0fd81eac3d6193adb32e76e441f69d0855188004469	0xaff9cb4dcb19d13b84761c040c91d21dc6c991ec	0x4382ef4d06f089ced6ed376be3a501c8c7cea30a
1029560	0xc79a45248fe6936b794ae12080de93e8bb4e07f1b94954481db530f4a4b76eb2	0xf527a44f4e1e5792f747c5a40d7f61ca118b7c2c	0xf86a381e5b400072b0d6b9f57a80058635b77a12
1029562	0x58ded641b244ed2462104c7ebb6bedc53a0cac41ade1ac3a7ca6665ede8256ec	0x3015f236dee17d5e74dc8f313a52bf9871edf608	0xbf9f79f818173ba93e3b360a6a1405960cc27677
1029562	0xd5868e1b87a9e8395325c6d3fe2f8b77dc4e4f8145babc218ac688b91d547d58	0x795c74a013aa756356187119ae89573c59c63cb4	0xbf9f79f818173ba93e3b360a6a1405960cc27677
1029562	0xeacbba5388c857c0a922d16d1ea927cfdb42f2994c4c73eed8df8742322d1562	0x795c74a013aa756356187119ae89573c59c63cb4	0xdd5b91d9dea7f9b41b2d3080ee6887f5295f4b14
1029562	0x9135b7f9843561604c8abf25a9f8f19b7065bf50778a8d061339033acde531cd	0x46631b5dfd9a1284036ad1ddb1486bf1068c97f7	0xbf9f79f818173ba93e3b360a6a1405960cc27677
1029562	0x91f33361a3dac20d56cace399cb48a4dd56ca5b9066ad79d576b6e85938f2b4a	0xc1cdc601f89c0428b31302d187e0dc08ad7d1c57	0x5f22d853e218043ee683e11fae37b56700b57c1d
1029563	0xed75d751451ea373227873c74d0b62afd6ed2300ce4890b542278e1186e81f14	0xaff9cb4dcb19d13b84761c040c91d21dc6c991ec	0x4382ef4d06f089ced6ed376be3a501c8c7cea30a
1029564	0x35d8af7712773868ba6e4e68a81c7f0c8faf4d8a140fc34d946278860ddade39	0xaff9cb4dcb19d13b84761c040c91d21dc6c991ec	0xb5283caadc58fc34eab71fcfbb5fdcf29e2b89a7
1029565	0x3a64236b4094346a2c60376f4ff0e73e03f7dfa22ad994d8d139bae91b3bb7cd	0x41471200d5fe4851fd79c1645d7cf4ab4d0b3be8	0x345af116d75d758ad827d065dd1143af38ae68c0
1029566	0x3f6aebdd34e8086d1f659a7eac2357b8df966f35256d2d8a61de3a7c6cfe2d99	0xaff9cb4dcb19d13b84761c040c91d21dc6c991ec	0xe68e5920c263d7ae396ba216ec11eaeeb8d64954
1029567	0x22dfa4884298d41801e641994cc75a3d07fea6aa701690cac2618539b72869f5	0xaff9cb4dcb19d13b84761c040c91d21dc6c991ec	0x4382ef4d06f089ced6ed376be3a501c8c7cea30a
1029568	0x454c3684f27bec3e529b84f23ff467b3976be5e3a7e185e889b5fec1d3c498c9	0x41471200d5fe4851fd79c1645d7cf4ab4d0b3be8	0x345af116d75d758ad827d065dd1143af38ae68c0
1029569	0xc28d55196b0a96dfa0f5b9ed6901ddb964c5f66681f6836dd4657c4b724b571f	0xaff9cb4dcb19d13b84761c040c91d21dc6c991ec	0x4382ef4d06f089ced6ed376be3a501c8c7cea30a
1029570	0xf3af74f032de68f0381a0b8ac0a3f8e0a63df14b691f26bbc8a68d7211506f42	0xaff9cb4dcb19d13b84761c040c91d21dc6c991ec	0x4382ef4d06f089ced6ed376be3a501c8c7cea30a
1029571	0x2b73c7bd1239fdfdc2831dd331ea432a97368118120d3ac71dcbd856831d7f48	0xaff9cb4dcb19d13b84761c040c91d21dc6c991ec	0x4382ef4d06f089ced6ed376be3a501c8c7cea30a
1029572	0x5e6a4152bfc9a3f230e6ac7f194054b7216b8a04eb82aee946dc995692e85f5c	0xaff9cb4dcb19d13b84761c040c91d21dc6c991ec	0x4382ef4d06f089ced6ed376be3a501c8c7cea30a
1029572	0x4c4efbc5cd6354f3cb54e0a407d3cc4d9c04431708970aa86b07872873f6cefc	0xcd33d5547cbb599b5459b9cc2a5ec95b17e10b09	0x345af116d75d758ad827d065dd1143af38ae68c0
1029573	0xb1089eb55c58901b79629619762533cb683598592d4b9810551eba69ef8cd0b5	0xaff9cb4dcb19d13b84761c040c91d21dc6c991ec	0x4382ef4d06f089ced6ed376be3a501c8c7cea30a
1029574	0xb9954afbaaea0cdf268ed97471ceb61803a333cf4ef0ae9c65edf8989fd99d6a	0xaff9cb4dcb19d13b84761c040c91d21dc6c991ec	0x4382ef4d06f089ced6ed376be3a501c8c7cea30a
1029574	0x6dfe88b2de574790bd32f68e57ee84f044fb9e3c8966f3aec3e8be8885447e65	0xcd33d5547cbb599b5459b9cc2a5ec95b17e10b09	0x345af116d75d758ad827d065dd1143af38ae68c0
1029575	0x9cb921ea471dae91bb78f4d1e1ea6230f64ed9ac075370d571e0c70d1dd79390	0xaff9cb4dcb19d13b84761c040c91d21dc6c991ec	0x4382ef4d06f089ced6ed376be3a501c8c7cea30a
1029576	0x8f749ef519582c7d52d29e8791873aeb02203b19dca500ef973129ebd8d3ffaa	0xdd5b91d9dea7f9b41b2d3080ee6887f5295f4b14	0xbf9f79f818173ba93e3b360a6a1405960cc27677
1029577	0x78211fac7c2a4dea4a77654f4fad9e30eb3b1ea442fcbf0fa4d3dc6622bdf15a	0xaff9cb4dcb19d13b84761c040c91d21dc6c991ec	0x4382ef4d06f089ced6ed376be3a501c8c7cea30a
1029578	0x4a4ca794341311b2de52b78edb153f779e038b41633cd63570e3b0b73f5eb1a3	0xaff9cb4dcb19d13b84761c040c91d21dc6c991ec	0x4382ef4d06f089ced6ed376be3a501c8c7cea30a
1029579	0x6e079ef89bee5b82d0412c8d97f1d06272b2267798eb24c34e549ca1961281ea	0xaff9cb4dcb19d13b84761c040c91d21dc6c991ec	0x4382ef4d06f089ced6ed376be3a501c8c7cea30a
1029580	0xee5f4dbc065df360323f20fd1e66c5304c192f47a648a2982875db1964e00c44	0xaff9cb4dcb19d13b84761c040c91d21dc6c991ec	0x4382ef4d06f089ced6ed376be3a501c8c7cea30a
1029581	0x13c5c0413599b174e54f746c486ce84943ad6b754684c715a9aa3c031f8efea5	0xaff9cb4dcb19d13b84761c040c91d21dc6c991ec	0x4382ef4d06f089ced6ed376be3a501c8c7cea30a
1029582	0x2ef2dd63cd409ff771a61436b2be62062418886ba3cfed397fe1347990e65d43	0xaff9cb4dcb19d13b84761c040c91d21dc6c991ec	0x4382ef4d06f089ced6ed376be3a501c8c7cea30a
1029583	0x577a88dde18008c9fcc452364cc72d1a18d10150ecd6cd4e09304f617ed794bb	0xaff9cb4dcb19d13b84761c040c91d21dc6c991ec	0x4382ef4d06f089ced6ed376be3a501c8c7cea30a
1029584	0x78b1165bab6309a653f89e176b3e37d20f938c4f5128b3925054f1a4027e040f	0xaff9cb4dcb19d13b84761c040c91d21dc6c991ec	0x4382ef4d06f089ced6ed376be3a501c8c7cea30a
1029585	0x61393e6040c549339a8d25e4ecab4302c73021b94c1e42ff4e8e8e8883c6c28c	0xaff9cb4dcb19d13b84761c040c91d21dc6c991ec	0x4382ef4d06f089ced6ed376be3a501c8c7cea30a
1029586	0xc86c878950d2a6a6cb281128f92bed6bc79024ffbeb59bf52ac526469c01b5ac	0xaff9cb4dcb19d13b84761c040c91d21dc6c991ec	0x4382ef4d06f089ced6ed376be3a501c8c7cea30a
1029587	0xdac686e589f051d9bcaeea86b7a7ab3599860b9f95c27bf405830e004463fa52	0xaff9cb4dcb19d13b84761c040c91d21dc6c991ec	0x4382ef4d06f089ced6ed376be3a501c8c7cea30a
1029588	0xd028ae97c94a6bd8582131ee28956e332f937e87254bb802991f8bee2a0adaad	0xaff9cb4dcb19d13b84761c040c91d21dc6c991ec	0x4382ef4d06f089ced6ed376be3a501c8c7cea30a
1029589	0xf201f43bb58cefb6886d6ab6730473e96993f5c15116fa000979d958c7399c36	0xaff9cb4dcb19d13b84761c040c91d21dc6c991ec	0x4382ef4d06f089ced6ed376be3a501c8c7cea30a
1029590	0x32b256eb75c1ec944261f500c33cf611879fc37505a031db27186638d9a1a76a	0xaff9cb4dcb19d13b84761c040c91d21dc6c991ec	0x4382ef4d06f089ced6ed376be3a501c8c7cea30a
1029591	0x7ee6f58c957d5a9cde3f3813d875afad2b89e2e47d76529da07a402123d992e4	0xaff9cb4dcb19d13b84761c040c91d21dc6c991ec	0x4382ef4d06f089ced6ed376be3a501c8c7cea30a
1029592	0x7239df8c394d929bd1c329dbc9ded84ceec97b88bc59cbf28b26c9839742eccf	0xaff9cb4dcb19d13b84761c040c91d21dc6c991ec	0x4382ef4d06f089ced6ed376be3a501c8c7cea30a
1029593	0x1a21337f23cb2bfbfc9517c1fd4808aa7c703845f48931040431edce813ff603	0xaff9cb4dcb19d13b84761c040c91d21dc6c991ec	0x4382ef4d06f089ced6ed376be3a501c8c7cea30a
1029594	0xb2aedf83ff7ca53361a0a2173b0fa3f40bef35074ff2764c7145fdde85a7474b	0xaff9cb4dcb19d13b84761c040c91d21dc6c991ec	0x4382ef4d06f089ced6ed376be3a501c8c7cea30a
1029595	0x5d7f0be1eefc8c38eb2cef0c91003fc0987400417e752e3d2ccac202caa095ed	0xaff9cb4dcb19d13b84761c040c91d21dc6c991ec	0x4382ef4d06f089ced6ed376be3a501c8c7cea30a
1029596	0xcd1803722fcd0a0b58cb7c6e289ff92116dc53cf3d2d2f05b6b6050fd1120031	0x8e0148d59878a03d4542b2c1ccd8ac8be6d7c6cf	0x186d45f84ea3942e8c4d72490af86ea347c3a049
1029597	0x88a6af17955df01044776ebafeeac21547d71ee89fd39c6067d6f20cccf83d8a	0x8e0148d59878a03d4542b2c1ccd8ac8be6d7c6cf	0x186d45f84ea3942e8c4d72490af86ea347c3a049
1029598	0x657a1ee22eda8cc2d864386b8ac81b0d87fab4177057d09c5e0ba522ce08b568	0xaff9cb4dcb19d13b84761c040c91d21dc6c991ec	0x4382ef4d06f089ced6ed376be3a501c8c7cea30a
1029599	0x2c5836dc158ef56939cd19e610f57fc6396a8923e94beb020285f01ad76a47ed	0xaff9cb4dcb19d13b84761c040c91d21dc6c991ec	0x4382ef4d06f089ced6ed376be3a501c8c7cea30a
1029600	0x86479e635f59c4f9c12bd85a23ecf8c6a55c009ef37ea701e7d2b2b08f893bae	0xaff9cb4dcb19d13b84761c040c91d21dc6c991ec	0x4382ef4d06f089ced6ed376be3a501c8c7cea30a
1029601	0x2594ce4f3fed9e9c746afa05bea945c1b1115d390de9c778e40a69de1ab1fe6e	0xaff9cb4dcb19d13b84761c040c91d21dc6c991ec	0x4382ef4d06f089ced6ed376be3a501c8c7cea30a
1029602	0x1a396788ab1af74c5cce68d8eb35117022bc495097a659b25e52bcd811e1e645	0xaff9cb4dcb19d13b84761c040c91d21dc6c991ec	0x4382ef4d06f089ced6ed376be3a501c8c7cea30a
1029603	0xd33088ebad466604d2ea10f8e0823b8212f6b5c8e872a9784fc9e7820278b8d2	0xaff9cb4dcb19d13b84761c040c91d21dc6c991ec	0xe68e5920c263d7ae396ba216ec11eaeeb8d64954
1029604	0xd266044617e500918397e53f7654dda39d09388c3eae5530be2db19d36d49265	0xaff9cb4dcb19d13b84761c040c91d21dc6c991ec	0xe68e5920c263d7ae396ba216ec11eaeeb8d64954
1029605	0x4fafc0c0f4e60a1b0c36523b29883256defc5146c222f049adf5ce8a93fa69ef	0xaff9cb4dcb19d13b84761c040c91d21dc6c991ec	0xb5283caadc58fc34eab71fcfbb5fdcf29e2b89a7
1029614	0x31eec813ae13bb3830b0018ef721d7f79968655fa185b61792adfa2dad38a60c	0xaff9cb4dcb19d13b84761c040c91d21dc6c991ec	0x4382ef4d06f089ced6ed376be3a501c8c7cea30a
1029616	0xe9a0f9ae54d7aa0f4f6a836fd9a6935bdcd124d24835dec3616d1d9e44c0101e	0xaff9cb4dcb19d13b84761c040c91d21dc6c991ec	0xe68e5920c263d7ae396ba216ec11eaeeb8d64954
1029617	0x0f8472e102bbc4e0de9b24c1d230a6540109499407b3fb5e5ac470d561f75724	0xaff9cb4dcb19d13b84761c040c91d21dc6c991ec	0xe68e5920c263d7ae396ba216ec11eaeeb8d64954
1029618	0x503f33426be865a5596b9fafc7d4e520d27f2657f7ba62047fa02d175112f689	0xaff9cb4dcb19d13b84761c040c91d21dc6c991ec	0x4382ef4d06f089ced6ed376be3a501c8c7cea30a
1029624	0xbbaa48d370187bc2d29fdc1bed6afedce0bed338a175053c1022bde9decbafe6	0x0411dc915cff2acbce9404efea1166ca2895c388	0xae5822ba0fd0a171c5499a20eab936e0ec974e15
1029624	0xe66983715b7f85a91bac482c3a589377ff74db83d83fa7ee89efd89ad4535ec4	0x77e3e9ea80b4caf1ba7fd9a8e62541632754d4d6	0xae5822ba0fd0a171c5499a20eab936e0ec974e15
1029630	0x8d4a142d0aead1870dc08564f2797a9686cda49757d63c6837d7693b0c07c533	0xfbe1553b3b616b61630a66938ae41eae4b37031f	0xbf9f79f818173ba93e3b360a6a1405960cc27677
1029630	0x526cc94ec3cdc8e31f359a95cfa24fb5e00714df59dd807937ac20ecf877b812	0x94d700b9157ffb28d39937b60317865d060bb2f2	0xb4f6a8f7cd91cd4bcadcc0a20e417c392e5f50a4
1029630	0xbbb9d709dc5e8d5fbf4a206aba189d077001a3e4afe00be130e6054b4e9e57fc	0x94d700b9157ffb28d39937b60317865d060bb2f2	0xb4f6a8f7cd91cd4bcadcc0a20e417c392e5f50a4
1029630	0xd9a1e8c73a946e8e151c145a9eea1b050b52253beb6e3865e30bc0647bae0e58	0x12c9db99c9abeab703f7acf4999275f6eb60a11f	0xbf9f79f818173ba93e3b360a6a1405960cc27677
1029631	0x4b1a1082a22f1f0466c8d92ec0937c783737e8f7ffff7ea860b96e5fb8320747	0x34b5074ac77d8e76a9dbdb88d9d7c63f4e1f8877	0x77e41b4125b7c14757e0f07fe36b2e95db757a10
1029631	0x5e4d9081e60d3bc8df6920f9da2d529eea93f4e32d8a90859202586e3f040f12	0x34b5074ac77d8e76a9dbdb88d9d7c63f4e1f8877	0x77e41b4125b7c14757e0f07fe36b2e95db757a10
1029632	0x4b106744d1554a0583896632b0a0b8a1af43b2568d384ed47c1254a6221b7016	0xaff9cb4dcb19d13b84761c040c91d21dc6c991ec	0xe68e5920c263d7ae396ba216ec11eaeeb8d64954
1029633	0x25506b1b61e21ac17fd4b58c5860dc7d1f0cb640b62c6e7a4e741917782daa34	0xaff9cb4dcb19d13b84761c040c91d21dc6c991ec	0x4382ef4d06f089ced6ed376be3a501c8c7cea30a
1029634	0x6211de27adc5254f39b372a746ec8af4b89d77d126794cb902cfac16da26ed4c	0xaff9cb4dcb19d13b84761c040c91d21dc6c991ec	0x4382ef4d06f089ced6ed376be3a501c8c7cea30a
1029635	0xb329ab05732e8afb360edce6f85b8a11e3dd5259594ccd2ac25a59a28f293b07	0x34b5074ac77d8e76a9dbdb88d9d7c63f4e1f8877	0x77e41b4125b7c14757e0f07fe36b2e95db757a10
1029635	0xbdbfba115b8f39de150d1dcf628afba261b22a299291ed1df2ab69c421458441	0x34b5074ac77d8e76a9dbdb88d9d7c63f4e1f8877	0x77e41b4125b7c14757e0f07fe36b2e95db757a10
1029636	0xe5c892d055ba719cf24d389a58ce0919c6a40cba14da56a1cbab2b44b6938359	0xaff9cb4dcb19d13b84761c040c91d21dc6c991ec	0x4382ef4d06f089ced6ed376be3a501c8c7cea30a
1029637	0xf50d47cfc82e5154f5f08cd0c43fc9cdad39351dd95dd2036e7ed2733e5d8c77	0xaff9cb4dcb19d13b84761c040c91d21dc6c991ec	0x4382ef4d06f089ced6ed376be3a501c8c7cea30a
1029638	0x2c9af9b166fcdd8ea42a6e6c061d9eb6b4b3fef3681b775266c52821f9bbe7fc	0xaff9cb4dcb19d13b84761c040c91d21dc6c991ec	0x4382ef4d06f089ced6ed376be3a501c8c7cea30a
1029639	0xe6c7486596b6fb1f42d806049533ad9cd46c2fca259a99f5610802fa9c0b6a15	0xaff9cb4dcb19d13b84761c040c91d21dc6c991ec	0x4382ef4d06f089ced6ed376be3a501c8c7cea30a
1029640	0xee502671e54dfca6cd7f0dc702ce4b3acbe840cd0a08177cdd50df1ddd7d7003	0xaff9cb4dcb19d13b84761c040c91d21dc6c991ec	0x4382ef4d06f089ced6ed376be3a501c8c7cea30a
1029641	0x0c34ab062cf6b1f1fbf24b1a3e4dc5d7415afad559fc20edc6169846420c86f4	0xaff9cb4dcb19d13b84761c040c91d21dc6c991ec	0x4382ef4d06f089ced6ed376be3a501c8c7cea30a
1029642	0x97aad030aa17ebbaeb74901f2ca6eeb70677923ae2f97d988c9014618708bfc8	0xaff9cb4dcb19d13b84761c040c91d21dc6c991ec	0x4382ef4d06f089ced6ed376be3a501c8c7cea30a
1029643	0xbb52c60ff8a7e5f8e2e27c2abd4b144b54c06c1618751d6b5cfac614b806433e	0xaff9cb4dcb19d13b84761c040c91d21dc6c991ec	0x4382ef4d06f089ced6ed376be3a501c8c7cea30a
1029645	0xc598ce1c7cbc42efba57eaaf09f2e7341a0829734a748f39f488876324ad282a	0xaff9cb4dcb19d13b84761c040c91d21dc6c991ec	0x4382ef4d06f089ced6ed376be3a501c8c7cea30a
1029646	0x5cabf7e4bf48f95c9d9a305234d3839a077ced627392415abdd795db3adc3342	0xaff9cb4dcb19d13b84761c040c91d21dc6c991ec	0x4382ef4d06f089ced6ed376be3a501c8c7cea30a
1029647	0xd4d02bd3d22356862b71cc2559930b5b89518ed3a0aa2f5cb8711d70f1fe36ef	0xaff9cb4dcb19d13b84761c040c91d21dc6c991ec	0x4382ef4d06f089ced6ed376be3a501c8c7cea30a
1029648	0x2eb9cc05b0394fb16a7ea859bda1de550266c822974538d192625afb95830daf	0xaff9cb4dcb19d13b84761c040c91d21dc6c991ec	0x4382ef4d06f089ced6ed376be3a501c8c7cea30a
1029649	0x96365d3d4d66e2d789efcd07092236c4661dbda79ca65bd6eebfe6d5eff5da8a	0xaff9cb4dcb19d13b84761c040c91d21dc6c991ec	0x4382ef4d06f089ced6ed376be3a501c8c7cea30a
1029650	0xfa8dc9cb64d74d5e4a2efa0a0161b398fa1069c7edb40d1d6922ad2a0648dd4b	0xaff9cb4dcb19d13b84761c040c91d21dc6c991ec	0x4382ef4d06f089ced6ed376be3a501c8c7cea30a
1029651	0x0c6ef54cb2e5a30996ffcde33230ce9f7d78f40aadd3a0d7b577ab7c2618449e	0xaff9cb4dcb19d13b84761c040c91d21dc6c991ec	0x4382ef4d06f089ced6ed376be3a501c8c7cea30a
1029652	0xd9c67fbddbfaeccf79786b66285e30c9d1ebda8ac0ec1f8f5a415ca868c0a95c	0xaff9cb4dcb19d13b84761c040c91d21dc6c991ec	0x4382ef4d06f089ced6ed376be3a501c8c7cea30a
1029653	0xcccf0200413624a290459b903f438c94086b1ac4ff00446c0c595e872a9ea523	0xaff9cb4dcb19d13b84761c040c91d21dc6c991ec	0xb5283caadc58fc34eab71fcfbb5fdcf29e2b89a7
1029654	0x3471619960b62850d1813258c8e4a8d89eaa9a79900e3d89e9abe96b4f54e8fb	0xaff9cb4dcb19d13b84761c040c91d21dc6c991ec	0x4382ef4d06f089ced6ed376be3a501c8c7cea30a
1029655	0xcbe0326ccb6869d734f0cb04d5a64280be3c8a9524f38dcab3ec27fbc1168425	0xaff9cb4dcb19d13b84761c040c91d21dc6c991ec	0x4382ef4d06f089ced6ed376be3a501c8c7cea30a
1029656	0x553e2d4b7d46739073349722137fa4eec6bc6f4b2d3b1e074590950400db7cec	0xaff9cb4dcb19d13b84761c040c91d21dc6c991ec	0x4382ef4d06f089ced6ed376be3a501c8c7cea30a
1029657	0x8ce9f5b0d1ee52be4db5893fd69784c3d668fa92677da46fda75f4a9b2cc553e	0xaff9cb4dcb19d13b84761c040c91d21dc6c991ec	0x4382ef4d06f089ced6ed376be3a501c8c7cea30a
1029658	0xc6bbaf027e08a90a96f5f593dd8bb1140f2ae171353e200455c2b460c2fabe47	0xaff9cb4dcb19d13b84761c040c91d21dc6c991ec	0xe68e5920c263d7ae396ba216ec11eaeeb8d64954
1029659	0x737994481d4230d2c817db32b4fece15648acb4b4337a39254e6c551210b23c8	0xaff9cb4dcb19d13b84761c040c91d21dc6c991ec	0x4382ef4d06f089ced6ed376be3a501c8c7cea30a
1029660	0x63e374b8e00811840202ce37997c679fbc852bec6f1937ad47db60e9e1e18151	0xaff9cb4dcb19d13b84761c040c91d21dc6c991ec	0x4382ef4d06f089ced6ed376be3a501c8c7cea30a
1029661	0x48cd12f9ebbcc028c2463f24fe43712cacce377b2df5bd2db160352b171413c8	0xaff9cb4dcb19d13b84761c040c91d21dc6c991ec	0x4382ef4d06f089ced6ed376be3a501c8c7cea30a
1029662	0xe790a0a38f4aec07662e559363835280630dc4929a37d41f75904653204faecc	0xaff9cb4dcb19d13b84761c040c91d21dc6c991ec	0x4382ef4d06f089ced6ed376be3a501c8c7cea30a
1029663	0xb7101fa00dd29c570895cb129928c95a05f4ca864b78df55ebfd6916a10f0fca	0xaff9cb4dcb19d13b84761c040c91d21dc6c991ec	0x4382ef4d06f089ced6ed376be3a501c8c7cea30a
1029664	0xba7ed395020b790e0a1421b63f74d360cc465d68ebaed17f63d6c5a52dcf6dea	0xaff9cb4dcb19d13b84761c040c91d21dc6c991ec	0x4382ef4d06f089ced6ed376be3a501c8c7cea30a
1029665	0x563a833d41dc244764d17373440b6764519bc26e2f17b8998e5b3445a78a67cd	0xaff9cb4dcb19d13b84761c040c91d21dc6c991ec	0x4382ef4d06f089ced6ed376be3a501c8c7cea30a
1029666	0xa83ef600aa616ee97170f4eddb344830a298ecd8b383f78923b4a8ada2fa896c	0xaff9cb4dcb19d13b84761c040c91d21dc6c991ec	0x4382ef4d06f089ced6ed376be3a501c8c7cea30a
1029667	0x1f260d54e7329f57d0731b5640188d2395dec9ce10e363d45eb7024d5d3c11a9	0xaff9cb4dcb19d13b84761c040c91d21dc6c991ec	0x4382ef4d06f089ced6ed376be3a501c8c7cea30a
1029668	0xb6c8a1e711bf1a6f3af77e0e192efd2fbaffe5b257210fb5127d90c8889557bb	0xaff9cb4dcb19d13b84761c040c91d21dc6c991ec	0x4382ef4d06f089ced6ed376be3a501c8c7cea30a
1029669	0x618c342886380407605945b23a7c2a600f0ac3158de2d162c7e713669ca8eefa	0xaff9cb4dcb19d13b84761c040c91d21dc6c991ec	0x4382ef4d06f089ced6ed376be3a501c8c7cea30a
1029670	0x716f6345dacf1f91a1111a6fe955264381f69d63e1a922ff5f85f2b69d809bcf	0xaff9cb4dcb19d13b84761c040c91d21dc6c991ec	0x4382ef4d06f089ced6ed376be3a501c8c7cea30a
1029671	0x5eea4f468ccb5a6409ba9ce329f61a574a1d52532395e7c7fa2e378ee1e102ac	0xaff9cb4dcb19d13b84761c040c91d21dc6c991ec	0x4382ef4d06f089ced6ed376be3a501c8c7cea30a
1029672	0x439897833ca4b36e2b68290a0af3651cc287df8faa2786cad308d3a51c67eee4	0xaff9cb4dcb19d13b84761c040c91d21dc6c991ec	0x4382ef4d06f089ced6ed376be3a501c8c7cea30a
1029673	0x8f164341fb59d746e88666ada5cf46311886d99ee5ac4ec953e79fc689e869fe	0xaff9cb4dcb19d13b84761c040c91d21dc6c991ec	0x4382ef4d06f089ced6ed376be3a501c8c7cea30a
1029674	0x62698cd99c70f6fb588286262e9fcad9db755b6670170c5f712032cc20ec4192	0xaff9cb4dcb19d13b84761c040c91d21dc6c991ec	0x4382ef4d06f089ced6ed376be3a501c8c7cea30a
1029675	0x89b507bdc882dd23450acbfe115f8a35936f556a4f55732d26b64d6bfdd56ff6	0xaff9cb4dcb19d13b84761c040c91d21dc6c991ec	0xb5283caadc58fc34eab71fcfbb5fdcf29e2b89a7
1029676	0xddfd7dfb50b71fbd2650ead9ba78185a6b60b4f24636fbce1234ece04dde2dc5	0xaff9cb4dcb19d13b84761c040c91d21dc6c991ec	0x4382ef4d06f089ced6ed376be3a501c8c7cea30a
1029677	0x3e64015765ed5cc67a66f0d027091bb6e45c4075b32918447caa4c5b8667ff50	0x59d3b2f018530e6e8c713e6266f269f7ba7ba0ce	0xbb12b5a9b85d4ab8cde6056e9c1b2a4a337d2261
1029678	0xb45969b14cfe501f221494daaf3ec1a4c83bebb1ee635928ec553692491c4403	0xaff9cb4dcb19d13b84761c040c91d21dc6c991ec	0x4382ef4d06f089ced6ed376be3a501c8c7cea30a
1029679	0xf4610e16c5609c88c6074478748d7f224ed024b2ba8ab53ddf9ede01bc0bddde	0xaff9cb4dcb19d13b84761c040c91d21dc6c991ec	0x4382ef4d06f089ced6ed376be3a501c8c7cea30a
1029680	0x32f63b64975df58c31ea363f0c77041ba4c1fd8e3d69138834940dc0eb7adab5	0xaff9cb4dcb19d13b84761c040c91d21dc6c991ec	0x4382ef4d06f089ced6ed376be3a501c8c7cea30a
1029681	0xd90f5d1be6a04bc8c3fd4b0cdde872f6c95260a258744d2dc0b5a4dd9948072b	0x59d3b2f018530e6e8c713e6266f269f7ba7ba0ce	0xbb12b5a9b85d4ab8cde6056e9c1b2a4a337d2261
1029682	0x9f16b66adaba225a2ddec25b5c3526a558b3b4462b8279acf3ba9bb4418152f9	0xaff9cb4dcb19d13b84761c040c91d21dc6c991ec	0x4382ef4d06f089ced6ed376be3a501c8c7cea30a
1029683	0x6143fa8fc5c0d4a76428d01f6256a6ec1e81dde2fe4594382b492ea572062f02	0x9fe9643bfcb7e6d95d1d76db541789aa743488cf	0xbb12b5a9b85d4ab8cde6056e9c1b2a4a337d2261
1029684	0xc03169577f3442c3f090777460624c3ad3a7dadfa2c648428945dcede88cd1cd	0xaff9cb4dcb19d13b84761c040c91d21dc6c991ec	0x4382ef4d06f089ced6ed376be3a501c8c7cea30a
1029685	0xb5f1b60304c55f11ed0e044aeb5bc8b52618cd85d60e8ab45228406bca581a0a	0xaff9cb4dcb19d13b84761c040c91d21dc6c991ec	0x4382ef4d06f089ced6ed376be3a501c8c7cea30a
1029686	0xb2868be3b3c9e8fffdc666682dd2002e5429df448425a804b488bb801b7f5ada	0xaff9cb4dcb19d13b84761c040c91d21dc6c991ec	0x4382ef4d06f089ced6ed376be3a501c8c7cea30a
1029687	0x251f6a561217ef6615d4e24410a3fab03ba3f2bf3743b43f5b8de2474b3fa8d0	0xaff9cb4dcb19d13b84761c040c91d21dc6c991ec	0x4382ef4d06f089ced6ed376be3a501c8c7cea30a
1029688	0x59077116ac04c2b2ee2dbef455cf2a5beac07840e3677e2e7fe3b2009f6c3799	0xaff9cb4dcb19d13b84761c040c91d21dc6c991ec	0x4382ef4d06f089ced6ed376be3a501c8c7cea30a
1029689	0xc91fab8a4a3b5db4d05b988e102aee6f4dfb57e43352c8a0e6e56ea2ffcf7288	0xaff9cb4dcb19d13b84761c040c91d21dc6c991ec	0x4382ef4d06f089ced6ed376be3a501c8c7cea30a
1029690	0xa734b7d7337c861431729c542368dc062c0ea3978937113ca80230d68c7527e4	0xaff9cb4dcb19d13b84761c040c91d21dc6c991ec	0xb5283caadc58fc34eab71fcfbb5fdcf29e2b89a7
1029691	0xf40835e675b6be76dc863bbb5eeed8a891ac5932cde5aa9fc24b43ac82167a9f	0xaff9cb4dcb19d13b84761c040c91d21dc6c991ec	0x4382ef4d06f089ced6ed376be3a501c8c7cea30a
1029692	0x682e17984fd6c937f3958868a1dc9050c1a9206dcf04747debd747fb644fc1b4	0xaff9cb4dcb19d13b84761c040c91d21dc6c991ec	0x4382ef4d06f089ced6ed376be3a501c8c7cea30a
1029693	0x04258998b8acd45cbbeda958eccee0c437de5825871118ff5a97790a009905d7	0xaff9cb4dcb19d13b84761c040c91d21dc6c991ec	0x4382ef4d06f089ced6ed376be3a501c8c7cea30a
1029694	0x17f594e35e3e684564cd1cd0ea2bb1b196e93e649c856aa214f3b71b375572ba	0xaff9cb4dcb19d13b84761c040c91d21dc6c991ec	0x4382ef4d06f089ced6ed376be3a501c8c7cea30a
1029695	0x2ee121c1778a8aca6219078aef31ca260e2d5eef221752801511eb86e92bf90a	0xaff9cb4dcb19d13b84761c040c91d21dc6c991ec	0x4382ef4d06f089ced6ed376be3a501c8c7cea30a
1029696	0x2f1ce8a6f3403cfa868dffb72fad849f7c59cbb33f2e5daeab12526a600fa134	0xaff9cb4dcb19d13b84761c040c91d21dc6c991ec	0x4382ef4d06f089ced6ed376be3a501c8c7cea30a
1029697	0xe38934bd893b4af47b98e565353ce03f2576592f95f5a5fa60241e9cbd6c0b25	0xaff9cb4dcb19d13b84761c040c91d21dc6c991ec	0x4382ef4d06f089ced6ed376be3a501c8c7cea30a
1029698	0xbc196e3af4d93ce708d9d58f3a70841580021f0678618b0a0fcff94f7390da1d	0xaff9cb4dcb19d13b84761c040c91d21dc6c991ec	0x4382ef4d06f089ced6ed376be3a501c8c7cea30a
1029699	0x252004ddddd2ef0e5c310f214434b9ae417ab40fb62bcc3438bd3330e6f998e4	0xaff9cb4dcb19d13b84761c040c91d21dc6c991ec	0x4382ef4d06f089ced6ed376be3a501c8c7cea30a
1029700	0x3b883145dc827a2523fdbf7e32c09d3f34e454b25973321ce87574ef166d8760	0xaff9cb4dcb19d13b84761c040c91d21dc6c991ec	0x4382ef4d06f089ced6ed376be3a501c8c7cea30a
1029701	0x38d0bccefcf3560df2a6a378dc2285dc87990d9bb9c3a7d6df52f854d7178782	0xaff9cb4dcb19d13b84761c040c91d21dc6c991ec	0x4382ef4d06f089ced6ed376be3a501c8c7cea30a
1029702	0x93a95ccccdbe474db66856c6916cd7779f5144a03c27d546b2ffeef516837f19	0xaff9cb4dcb19d13b84761c040c91d21dc6c991ec	0x4382ef4d06f089ced6ed376be3a501c8c7cea30a
1029703	0x87e4f1e51f356022e3f96ab564e5ebc26af9ebcd117ae957474e034eded70e1b	0xaff9cb4dcb19d13b84761c040c91d21dc6c991ec	0x4382ef4d06f089ced6ed376be3a501c8c7cea30a
1029704	0x1948079f53437de7ff44a780c358fac3fc2e27d43a5a58a0854a60733e89abc0	0xaff9cb4dcb19d13b84761c040c91d21dc6c991ec	0x4382ef4d06f089ced6ed376be3a501c8c7cea30a
1029705	0x457dc843a9b46004b0c1b2a29d87f29e990d22e92a5e3a99b422e228141e21a6	0xaff9cb4dcb19d13b84761c040c91d21dc6c991ec	0x4382ef4d06f089ced6ed376be3a501c8c7cea30a
1029706	0xc19e97775ba725380b97d1b3a90aa461f8fc0a2520937d0da7edce1018c998e2	0xaff9cb4dcb19d13b84761c040c91d21dc6c991ec	0x4382ef4d06f089ced6ed376be3a501c8c7cea30a
1029707	0x5af2015f70db172c3e5e69aed19ba6897ba10ee4b0db0d6eb09bb3c4b14b7815	0xaff9cb4dcb19d13b84761c040c91d21dc6c991ec	0xe68e5920c263d7ae396ba216ec11eaeeb8d64954
1029708	0x6b9274530354719eb449a596654f31b2cd54c3ae01ab878b47514f97bdf15213	0xaff9cb4dcb19d13b84761c040c91d21dc6c991ec	0x4382ef4d06f089ced6ed376be3a501c8c7cea30a
1029709	0x681a3038cee98dbc1a223b30c1d8f0bdab449789a6f6f5b87e2d7efe69c17ba9	0xaff9cb4dcb19d13b84761c040c91d21dc6c991ec	0x4382ef4d06f089ced6ed376be3a501c8c7cea30a
1029710	0x5bfa901078e154e1154256c2ec6c8ead8736b657d04e10e8979e4b479f9cda19	0xaff9cb4dcb19d13b84761c040c91d21dc6c991ec	0x4382ef4d06f089ced6ed376be3a501c8c7cea30a
1029711	0x646ef062386f1b5070986b5c632957c456df6a03591a037ebd6665cab3dbff57	0xaff9cb4dcb19d13b84761c040c91d21dc6c991ec	0x4382ef4d06f089ced6ed376be3a501c8c7cea30a
1029712	0x555e230c05478f66ba7b018c3d39422bac462af31244157ca07a8037b2a671af	0xaff9cb4dcb19d13b84761c040c91d21dc6c991ec	0x4382ef4d06f089ced6ed376be3a501c8c7cea30a
1029713	0xb9f832ebc9be561e58940a434a722e90508f1ccc8e8ff21202d6e906049a89f5	0xaff9cb4dcb19d13b84761c040c91d21dc6c991ec	0x4382ef4d06f089ced6ed376be3a501c8c7cea30a
1029714	0xb834934c0ae74b7c1a2ea461a50082e0c43bf86ec8ba6d9a3a4a17646099f733	0xaff9cb4dcb19d13b84761c040c91d21dc6c991ec	0x4382ef4d06f089ced6ed376be3a501c8c7cea30a
1029715	0x01e9aa457b2da7ff4bafa201849aa127ef22ef6edc29ea19f8abf1ff45c574d9	0xaff9cb4dcb19d13b84761c040c91d21dc6c991ec	0x4382ef4d06f089ced6ed376be3a501c8c7cea30a
1029716	0x393c0c04aa76850c9be901126138b0a56468cfc38dc5967071e7ac6ca2852908	0xaff9cb4dcb19d13b84761c040c91d21dc6c991ec	0x4382ef4d06f089ced6ed376be3a501c8c7cea30a
1029717	0x5db2b51301930f12ef28cdb3103771a39fc865d494cba0f6248e93e74a16a874	0xaff9cb4dcb19d13b84761c040c91d21dc6c991ec	0xe68e5920c263d7ae396ba216ec11eaeeb8d64954
1029718	0xf93e32e9d6848fdf526b85311d5c60f67520f89901b2966fde62590107f97b6a	0xaff9cb4dcb19d13b84761c040c91d21dc6c991ec	0x4382ef4d06f089ced6ed376be3a501c8c7cea30a
1029719	0x8973b2ac9b72b2d3cfc9684ddfeb213f536e7da08f63146912b2990f1c346126	0xaff9cb4dcb19d13b84761c040c91d21dc6c991ec	0xe68e5920c263d7ae396ba216ec11eaeeb8d64954
1029720	0xbb0bb556ae126a60b4cedd428513667aedf93b4a9a666145928617ac80b04da2	0xaff9cb4dcb19d13b84761c040c91d21dc6c991ec	0xe68e5920c263d7ae396ba216ec11eaeeb8d64954
1029721	0x537959086f76a734c6eb7aa63eb19cb1923172e3853b74c2a6bcf743911c43e7	0xaff9cb4dcb19d13b84761c040c91d21dc6c991ec	0xe68e5920c263d7ae396ba216ec11eaeeb8d64954
1029722	0xf43d8de6c945a6942de956f0c6c5e207f921ca63733b71b215dd1181788217a1	0xaff9cb4dcb19d13b84761c040c91d21dc6c991ec	0x4382ef4d06f089ced6ed376be3a501c8c7cea30a
1029723	0xccf700aa07d3bc6dba14c3bf5cdcad75e85722d8b9ed150adf938b0ede487e10	0xaff9cb4dcb19d13b84761c040c91d21dc6c991ec	0x4382ef4d06f089ced6ed376be3a501c8c7cea30a
1029724	0x454fa5a5088f290570f1e1194388b08f1f2e52de58ec9f9b56682c4d9e5d9d10	0xaff9cb4dcb19d13b84761c040c91d21dc6c991ec	0xe68e5920c263d7ae396ba216ec11eaeeb8d64954
1029747	0x99cc73ea0676a3f222a1f48c9b88020b0d39df89ba7e97126789705986b608a3	0xaff9cb4dcb19d13b84761c040c91d21dc6c991ec	0x4382ef4d06f089ced6ed376be3a501c8c7cea30a
1029748	0xa037da1f6234163123d8d9c90300a67b4d524a40b16f9d6bd389d50f63f16c81	0xaff9cb4dcb19d13b84761c040c91d21dc6c991ec	0x4382ef4d06f089ced6ed376be3a501c8c7cea30a
1029749	0xefd8b7a6bc30b15bc8c69f61f5a90f8849e19932a0a2ffdff4d194c303a8f06c	0xaff9cb4dcb19d13b84761c040c91d21dc6c991ec	0x4382ef4d06f089ced6ed376be3a501c8c7cea30a
1029750	0x27849ca58deb9aa918dbfe6ccc6af7ceb924bbff62bcefdb45edf07714ba7602	0xaff9cb4dcb19d13b84761c040c91d21dc6c991ec	0x4382ef4d06f089ced6ed376be3a501c8c7cea30a
1029751	0x9f5e8b9fea0622804f6046d8287a9f8a3380ca5aad62a076230e48dc3e2ea6d1	0xaff9cb4dcb19d13b84761c040c91d21dc6c991ec	0x4382ef4d06f089ced6ed376be3a501c8c7cea30a
1029768	0x5021301e96e8d0bbc6a384d355c042b225e7257162001f11fd094f0a54264261	0xaff9cb4dcb19d13b84761c040c91d21dc6c991ec	0x4382ef4d06f089ced6ed376be3a501c8c7cea30a
1029772	0x775173f9bcd58350986bf87997b6cd33c9f6bfd12e3d248285e932be996c0062	0xaff9cb4dcb19d13b84761c040c91d21dc6c991ec	0x4382ef4d06f089ced6ed376be3a501c8c7cea30a
1029773	0xa96a9a0834aff8dc931fb4e58f615c6275e8ebabcbe1f7150c06928e4cb125ea	0xaff9cb4dcb19d13b84761c040c91d21dc6c991ec	0x4382ef4d06f089ced6ed376be3a501c8c7cea30a
1029778	0x1c23aae629d7910b3ed97f78b498c0316a7bfd594cd59d12855a47dccc6acaf6	0xaff9cb4dcb19d13b84761c040c91d21dc6c991ec	0x4382ef4d06f089ced6ed376be3a501c8c7cea30a
1029779	0xff4c807387401cd443738e81f966175dc5de23f28f6fb34c635cc549b734f835	0xaff9cb4dcb19d13b84761c040c91d21dc6c991ec	0x4382ef4d06f089ced6ed376be3a501c8c7cea30a
1029780	0xc2693f3e37883192720d55d8d5bbb8288bc61b6adf02161b7480646548e36681	0xaff9cb4dcb19d13b84761c040c91d21dc6c991ec	0x4382ef4d06f089ced6ed376be3a501c8c7cea30a
1029781	0x59e62dc7c54f0aed9d57e9f08d2eeb42a7b808e065aad6d468a56dc556cedea7	0xaff9cb4dcb19d13b84761c040c91d21dc6c991ec	0x4382ef4d06f089ced6ed376be3a501c8c7cea30a
1029785	0x30c7b00db9fb7cc502888b1c175d2e7b6bc1bbe568b4b2eb19314be620a3aea4	0xaff9cb4dcb19d13b84761c040c91d21dc6c991ec	0x4382ef4d06f089ced6ed376be3a501c8c7cea30a
1029790	0x33d9ac4a9aeabd7e933a3196554538b9c30ee6907a095124f040231cc81585ab	0xaff9cb4dcb19d13b84761c040c91d21dc6c991ec	0xb5283caadc58fc34eab71fcfbb5fdcf29e2b89a7
1029803	0x711f8cabf980905ac477b16643158b27df1dba3810d29af1c34578290295946a	0xaff9cb4dcb19d13b84761c040c91d21dc6c991ec	0xb5283caadc58fc34eab71fcfbb5fdcf29e2b89a7
1029804	0x070763ab511d62e91d191b666e021552e56b46b437f80e75c0a7cb65cdb510dc	0xaff9cb4dcb19d13b84761c040c91d21dc6c991ec	0xe68e5920c263d7ae396ba216ec11eaeeb8d64954
1029805	0xd4224b7a4d02b9ef46d9fdebe750eb7563acfe7b2855c0db3d60da048d13d2f0	0xaff9cb4dcb19d13b84761c040c91d21dc6c991ec	0x4382ef4d06f089ced6ed376be3a501c8c7cea30a
1029808	0x1e5fc101d92e320026225d45efe83185e9ba443c3ef7542e575612127dd71524	0xdb0f7557a65a41fdfcb047973e2bef1b254d1d78	0x7a4d7295d83ab59e03723e67582eded459b8f349
1029810	0xc290528954849f5699f1b05163b06d3b43085888189633201241c69997e9887e	0x27a02868798a75b63294ca4924f1533301d77d78	0xfbee6717994b2f660c42ccc231c73ebb7ecaad52
1029812	0x3fc9ec91712eba69141f112b77f982c74297b58be85df4b43e3d1328906307ff	0x5d241200dfac68464585450231b2d62d7533ab2a	0x7a4d7295d83ab59e03723e67582eded459b8f349
1029862	0x96858b0c4f5bc273b9af22ac265a51bf145968116d2b78b08c7b384a0551d198	0xaff9cb4dcb19d13b84761c040c91d21dc6c991ec	0xe68e5920c263d7ae396ba216ec11eaeeb8d64954
1029896	0x00b902ec985ccb191eb6c27b3e055da5950b4891f4c08c271523e54059994535	0xaff9cb4dcb19d13b84761c040c91d21dc6c991ec	0xe68e5920c263d7ae396ba216ec11eaeeb8d64954
1029925	0xe591545dc7f4b57245bcd34e7ce50a070e29499d0419e2bb2b806f5b1b9dfede	0xdb0a3bc66abe5170e3a1d9c98befc5a88c15a5a6	0x02020d22dcf88f5edd66b382d7da019f161fb7e3
1029925	0xead79e71dcbac0cda69fe1b363c9af84898f0860f5754df6c04455369b97a7c7	0x18fefa73480414ff1b3250deb0befb6779f1bf31	0x02020d22dcf88f5edd66b382d7da019f161fb7e3
1029929	0x7dc134d1f8f3a5ffb9563c96798776b466849cb97fdcdab790cc9a440f5a1c76	0xaff9cb4dcb19d13b84761c040c91d21dc6c991ec	0xe68e5920c263d7ae396ba216ec11eaeeb8d64954
1030064	0x77fd5a6fbd4db7dafcd1ca1036c5c7d201b1c0e1b206fbaf7b9aa8f745aa6bc3	0xaff9cb4dcb19d13b84761c040c91d21dc6c991ec	0x4382ef4d06f089ced6ed376be3a501c8c7cea30a
1030066	0x37ef20747f792e5b519b68e559de221c57b5930d632beb71fafa6c7ddef35df6	0xaff9cb4dcb19d13b84761c040c91d21dc6c991ec	0x4382ef4d06f089ced6ed376be3a501c8c7cea30a
1030073	0xa1dafecb6d60d2bf8d6e45e38f470bee1da650549f088d476c7395eb4bbb6a68	0xaff9cb4dcb19d13b84761c040c91d21dc6c991ec	0xb5283caadc58fc34eab71fcfbb5fdcf29e2b89a7
1030075	0x5afdc0cf717d207f17901cde8f1486fdfcf18dc1a47b4dcf41c72bac3b61d4d6	0xaff9cb4dcb19d13b84761c040c91d21dc6c991ec	0xe68e5920c263d7ae396ba216ec11eaeeb8d64954
1030229	0xee0b0f6878a1662900c6a0de5bdf1c0850895ab66a5549559bbc7b73f7ff596a	0xaff9cb4dcb19d13b84761c040c91d21dc6c991ec	0x4382ef4d06f089ced6ed376be3a501c8c7cea30a
1030230	0xb5f83337368539ed63f9914b7f890ba73cce63b2fcbe59b40aa1d5311a23f433	0xaff9cb4dcb19d13b84761c040c91d21dc6c991ec	0x4382ef4d06f089ced6ed376be3a501c8c7cea30a
1030231	0xda8a6c9c10a1fb9c9c3bc24773fbd0f5bf7b383422e964fba968f1464b4d6a31	0xaff9cb4dcb19d13b84761c040c91d21dc6c991ec	0x4382ef4d06f089ced6ed376be3a501c8c7cea30a
1030249	0x021b7cafd7dd5bf8ebd59fae4234d74d9a6f22e5c78a206560cb40a2f1ddaa7a	0xaff9cb4dcb19d13b84761c040c91d21dc6c991ec	0xb5283caadc58fc34eab71fcfbb5fdcf29e2b89a7
